SELECT TOP (1000) [id]
      ,[first_name]
      ,[last_name]
      ,[email]
      ,[username]
      ,[password]
      ,[country]
  FROM [arlbring test].[dbo].[Lista]


id	first_name	last_name	email	username	password	country
1	Maureene	Vanelli	mvanelli0@unc.edu	mvanelli0	Pv3SwA	Brazil
2	Gorden	McEwen	gmcewen1@go.com	gmcewen1	b9KtM2	France
3	Tracie	Spacy	tspacy2@psu.edu	tspacy2	QrEV49YkD	Tanzania
4	Sherwynd	Knight	sknight3@exblog.jp	sknight3	EI4BkJ1ro	Indonesia
5	Bone	Hunt	bhunt4@geocities.jp	bhunt4	1B2uMZ9C	Dominican Republic
6	Correy	Trow	ctrow5@dailymotion.com	ctrow5	mNCk5vJm7PW	Poland
7	Conan	Magrannell	cmagrannell6@clickbank.net	cmagrannell6	ZXcf3Mh	Nigeria
8	Peterus	Mafham	pmafham7@yelp.com	pmafham7	gqwjliYCNBS7	China
9	Beulah	Verni	bverni8@nyu.edu	bverni8	qjZJzrvDQ2wr	Poland
10	Briny	Vivian	bvivian9@adobe.com	bvivian9	hachsEIV	China
11	Kassandra	Woolis	kwoolisa@constantcontact.com	kwoolisa	cadpmatYF70	China
12	Antonia	Cuerda	acuerdab@so-net.ne.jp	acuerdab	Fa9od7WaP	Netherlands
13	Josefa	Skyner	jskynerc@about.me	jskynerc	5PP7LyY	China
14	Carita	Conigsby	cconigsbyd@google.com	cconigsbyd	kucH2m9	Philippines
15	Benjie	Loiterton	bloitertone@google.com	bloitertone	fTCAGo9of5Y	Malaysia
16	Dulcinea	Huddleston	dhuddlestonf@cafepress.com	dhuddlestonf	nuAAWxdjYbB	United States
17	Ephrayim	Ruse	eruseg@google.it	eruseg	xTXozxIS	Russia
18	Blayne	Atwell	batwellh@earthlink.net	batwellh	6Qy0zQ	Brazil
19	Eada	Doerling	edoerlingi@sourceforge.net	edoerlingi	o9pyT7xCz0	Czech Republic
20	Oswald	Skynner	oskynnerj@vkontakte.ru	oskynnerj	wHOxXQC54fe	China
21	Salim	Klulisek	sklulisekk@techcrunch.com	sklulisekk	98L0l4	Netherlands
22	Hamilton	Wandrich	hwandrichl@naver.com	hwandrichl	OPKUoyq5	Norway
23	Ag	Monroe	amonroem@ocn.ne.jp	amonroem	ASzhQVa5L05	Indonesia
24	Sheree	McDougald	smcdougaldn@who.int	smcdougaldn	beJOECz2p	China
25	Titus	Snalum	tsnalumo@dell.com	tsnalumo	V3WJSv2JiL	Paraguay
26	Merrel	Earingey	mearingeyp@boston.com	mearingeyp	syqWQLwq3	Niger
27	Johanna	Magenny	jmagennyq@wikimedia.org	jmagennyq	QYcEa0580Pv	China
28	Bobbette	Gold	bgoldr@businessweek.com	bgoldr	OWJeQqj	China
29	Carey	Pudsall	cpudsalls@ycombinator.com	cpudsalls	pDqTREA	Russia
30	Valma	Abarough	vabarought@lulu.com	vabarought	VR2CFN1nB	Russia
31	Merilyn	Rolance	mrolanceu@cmu.edu	mrolanceu	8a1aog2u	Indonesia
32	Linoel	Danaher	ldanaherv@nba.com	ldanaherv	marACYgH	Ukraine
33	Jameson	Cord	jcordw@yellowpages.com	jcordw	iSxO7QdKpNN	Philippines
34	Deb	Teffrey	dteffreyx@addthis.com	dteffreyx	gsLGpY	Argentina
35	Currie	Yarranton	cyarrantony@usda.gov	cyarrantony	QdZMBM4bF8f	China
36	Catherina	Bendare	cbendarez@twitter.com	cbendarez	BmnZ56ZIY	Armenia
37	Randa	Nulty	rnulty10@wikia.com	rnulty10	UjghTIGtMyFD	Ethiopia
38	Moyna	Scobbie	mscobbie11@who.int	mscobbie11	ehGdvk	Pakistan
39	Fianna	Lainge	flainge12@timesonline.co.uk	flainge12	vGHtFMwQi	Brazil
40	Car	Edgeson	cedgeson13@bravesites.com	cedgeson13	jDVsIq	France
41	Rodrick	Celli	rcelli14@photobucket.com	rcelli14	wwGS5vwzN7NO	Syria
42	Yorgos	Danko	ydanko15@redcross.org	ydanko15	TS8eVxEDSQju	Indonesia
43	Janos	Paschke	jpaschke16@illinois.edu	jpaschke16	CNzCblViOG	Russia
44	Davon	Dominelli	ddominelli17@comsenz.com	ddominelli17	kWG2ILbs6	Sweden
45	Hayes	Bryceson	hbryceson18@canalblog.com	hbryceson18	853VvXEeD	Vietnam
46	Burnard	Lejeune	blejeune19@networkadvertising.org	blejeune19	Ahh20U2	Philippines
47	Jeanie	Enbury	jenbury1a@rediff.com	jenbury1a	BEgW3jA3cG	Nigeria
48	Ethelred	Nesbit	enesbit1b@google.co.jp	enesbit1b	6Qhvaqi	Belarus
49	Devonne	Uppett	duppett1c@statcounter.com	duppett1c	Qlr3bB	China
50	Alaster	Crebott	acrebott1d@hostgator.com	acrebott1d	s2bCgHFUYiVF	France
51	Maximilian	Hadden	mhadden1e@gmpg.org	mhadden1e	Rqzzqm6i9aD	Philippines
52	Emmalynn	Chese	echese1f@sina.com.cn	echese1f	fISAuXuNVRPc	Honduras
53	Normy	Cornils	ncornils1g@gnu.org	ncornils1g	7bGAZWg	Malaysia
54	Ginni	Lanegran	glanegran1h@odnoklassniki.ru	glanegran1h	HucB6uF	Russia
55	Ruthanne	Spawton	rspawton1i@bigcartel.com	rspawton1i	rp47LyoyhDF	Indonesia
56	Robin	Kaliszewski	rkaliszewski1j@example.com	rkaliszewski1j	nTGaACs	Bosnia and Herzegovina
57	Eudora	Yurikov	eyurikov1k@dailymail.co.uk	eyurikov1k	gPKs15wBr6	China
58	Rutledge	Wimbury	rwimbury1l@fda.gov	rwimbury1l	vDgxKenmlgL	Serbia
59	Elihu	Ruskin	eruskin1m@ovh.net	eruskin1m	PS3JYgdnhM	Russia
60	Michaelina	Iiannone	miiannone1n@360.cn	miiannone1n	VQILb5x4	Canada
61	Austine	Volk	avolk1o@ebay.co.uk	avolk1o	6LuL76	Honduras
62	Carmencita	Sollner	csollner1p@xrea.com	csollner1p	n0fj5mdCYzPN	Palestinian Territory
63	Russ	Ruddiman	rruddiman1q@csmonitor.com	rruddiman1q	UUrCcX	Pakistan
64	Gilberto	Tresler	gtresler1r@sakura.ne.jp	gtresler1r	9SatBdKp	Brazil
65	Seka	Sherbrooke	ssherbrooke1s@utexas.edu	ssherbrooke1s	oGT1XF5	Nigeria
66	Calvin	Blyth	cblyth1t@jiathis.com	cblyth1t	SpAY2IW07k	United States
67	Tremain	McGurk	tmcgurk1u@kickstarter.com	tmcgurk1u	rppGBRM8Gq9X	Mexico
68	Ranna	Trewhela	rtrewhela1v@vkontakte.ru	rtrewhela1v	mAil20	Macedonia
69	Bertine	Belle	bbelle1w@reuters.com	bbelle1w	pIuwHGd3di	Indonesia
70	Leonard	Hogsden	lhogsden1x@newsvine.com	lhogsden1x	aFMXFbCl	Cyprus
71	Berkley	Kolakovic	bkolakovic1y@github.com	bkolakovic1y	vqJ8SfaRm	Bulgaria
72	Gabriele	Scourgie	gscourgie1z@webmd.com	gscourgie1z	CLwIWQ	South Africa
73	Ellery	Cerman	ecerman20@about.com	ecerman20	GHxdbicZ	Russia
74	Cathryn	Beinisch	cbeinisch21@arstechnica.com	cbeinisch21	P5mvFftBw	Indonesia
75	Biron	Klimek	bklimek22@msu.edu	bklimek22	MzOOd6HrGRF	Russia
76	Darill	Rainton	drainton23@virginia.edu	drainton23	op1RQUa8f	Poland
77	Trumaine	Duffrie	tduffrie24@slideshare.net	tduffrie24	hzXzCjCTfE	Brazil
78	Ferris	Edridge	fedridge25@mapquest.com	fedridge25	JKiUkM	Panama
79	Finn	Grimsley	fgrimsley26@google.com.au	fgrimsley26	6mwzrBjSnk	Indonesia
80	Gill	Bewick	gbewick27@so-net.ne.jp	gbewick27	CYPN90mG	China
81	Querida	Malafe	qmalafe28@eventbrite.com	qmalafe28	MeYxsd	Brazil
82	Ford	Povele	fpovele29@google.it	fpovele29	V2hYmN7YS	Panama
83	Jeralee	Kubas	jkubas2a@hc360.com	jkubas2a	yeIT1D7H	China
84	Shir	Siseland	ssiseland2b@google.com	ssiseland2b	S8BxEX9	Russia
85	Loni	Klewer	lklewer2c@networksolutions.com	lklewer2c	WfdU9q	China
86	Seamus	Else	selse2d@rakuten.co.jp	selse2d	n2NWnQM	Thailand
87	Calhoun	Denyer	cdenyer2e@nps.gov	cdenyer2e	pv55qNMdae	Uruguay
88	Lockwood	Van Der Straaten	lvanderstraaten2f@odnoklassniki.ru	lvanderstraaten2f	vHazlBBo	United States
89	Miquela	Pridham	mpridham2g@howstuffworks.com	mpridham2g	qj8pvW9tpR	China
90	Janelle	Sarll	jsarll2h@uiuc.edu	jsarll2h	AVvZuW8Urh	Japan
91	Welbie	Pretor	wpretor2i@hao123.com	wpretor2i	rSb4p6gLe	Russia
92	Cordie	Janosevic	cjanosevic2j@woothemes.com	cjanosevic2j	yCGGnLC	Croatia
93	Rafaello	Teece	rteece2k@bloomberg.com	rteece2k	d9yMD4MVkwzF	Andorra
94	Geri	Grigaut	ggrigaut2l@tripadvisor.com	ggrigaut2l	rhmoMDokTM4m	Indonesia
95	Zaneta	Behnen	zbehnen2m@baidu.com	zbehnen2m	ELQBsLTsR	Sweden
96	Bail	Keuntje	bkeuntje2n@arizona.edu	bkeuntje2n	kQ3hnB1W	China
97	Timothy	Latch	tlatch2o@tripadvisor.com	tlatch2o	w13Zc4UJQw	Guatemala
98	Aurelia	Hulburt	ahulburt2p@nasa.gov	ahulburt2p	hkjoVgsXmwX	Mali
99	Dannye	Goodband	dgoodband2q@trellian.com	dgoodband2q	PZUsUo	China
100	Myrna	Tumulty	mtumulty2r@narod.ru	mtumulty2r	3qb5UhDY	Jordan
101	Tabbitha	Kears	tkears2s@dmoz.org	tkears2s	LiDmn5Z	Laos
102	Collen	Waple	cwaple2t@webeden.co.uk	cwaple2t	239SEnQmkQNm	Brazil
103	Ulrikaumeko	Twiddle	utwiddle2u@ucla.edu	utwiddle2u	bBNYjG	Panama
104	Fern	Tasseler	ftasseler2v@nifty.com	ftasseler2v	jbDUI3guR	Russia
105	Rodolph	Frobisher	rfrobisher2w@4shared.com	rfrobisher2w	7CXG97PdHJ	Philippines
106	Gabie	Miner	gminer2x@marketwatch.com	gminer2x	EAMm4gMbmjY	China
107	Ulberto	Snowden	usnowden2y@earthlink.net	usnowden2y	5TTApi6Aw5	Philippines
108	Wrennie	Scowen	wscowen2z@fastcompany.com	wscowen2z	xzl9OiheRuU	Malaysia
109	Donny	Petcher	dpetcher30@smugmug.com	dpetcher30	LvP1qy	China
110	Gualterio	Lepick	glepick31@cocolog-nifty.com	glepick31	1Bjr2t	Czech Republic
111	Isacco	Riall	iriall32@economist.com	iriall32	RCd8CtR6X6iD	Indonesia
112	Ave	Wheelband	awheelband33@ca.gov	awheelband33	EMyE2VMrw	France
113	Xavier	Poznan	xpoznan34@noaa.gov	xpoznan34	MxP6cGEh3HR	China
114	Sissie	Wornham	swornham35@deliciousdays.com	swornham35	cXvxM4aOMpC7	Philippines
115	Beatrisa	Pinniger	bpinniger36@ted.com	bpinniger36	75q5aivRw	Indonesia
116	Leanna	Cunniam	lcunniam37@elpais.com	lcunniam37	XgY1gb7GK	Sweden
117	Gerhard	Caddies	gcaddies38@ebay.com	gcaddies38	vgyt7Ih	Palestinian Territory
118	Natty	Nowick	nnowick39@pcworld.com	nnowick39	ZQZ70lN6cnP9	Philippines
119	Eveleen	Dockrell	edockrell3a@blogspot.com	edockrell3a	fSR45JQVqV	Yemen
120	Lazarus	Faircliffe	lfaircliffe3b@home.pl	lfaircliffe3b	ORIdvCBtp6W8	Afghanistan
121	Blinnie	Bondy	bbondy3c@nbcnews.com	bbondy3c	sr6Lqh3ENcN	Dominican Republic
122	Xavier	Drains	xdrains3d@miitbeian.gov.cn	xdrains3d	MOdNbJLuI7eX	Reunion
123	Jeremiah	Jerosch	jjerosch3e@cbslocal.com	jjerosch3e	fWPPoN2UH	Tanzania
124	Terrie	Tasch	ttasch3f@uol.com.br	ttasch3f	nHlEaaEKr	Czech Republic
125	Eveline	Piell	epiell3g@fastcompany.com	epiell3g	c8oJHqIpX	United States
126	Beret	Pontefract	bpontefract3h@microsoft.com	bpontefract3h	FymYIKP2bK	France
127	Brenn	Solomonides	bsolomonides3i@pinterest.com	bsolomonides3i	BLq73V2HMB	China
128	Dayna	Fernihough	dfernihough3j@delicious.com	dfernihough3j	EXADH5UYC	South Africa
129	Celie	Wandrich	cwandrich3k@salon.com	cwandrich3k	PqARG8x6u	Indonesia
130	Truda	Deniskevich	tdeniskevich3l@bloomberg.com	tdeniskevich3l	rMBYzda	Indonesia
131	Neala	Pendleton	npendleton3m@globo.com	npendleton3m	Cx3LBaRh	Portugal
132	Paulita	Klimpke	pklimpke3n@ted.com	pklimpke3n	LFbG6Yz	China
133	Quinlan	Daughtry	qdaughtry3o@columbia.edu	qdaughtry3o	3OEBhjcp	China
134	Vere	Dallewater	vdallewater3p@ucla.edu	vdallewater3p	nk69KSzx12	Indonesia
135	Brook	Mattholie	bmattholie3q@ycombinator.com	bmattholie3q	BGy8ott4q	China
136	Ailyn	Jarrell	ajarrell3r@senate.gov	ajarrell3r	6PTDi2EZN	Palestinian Territory
137	Fitzgerald	McComiskey	fmccomiskey3s@blogspot.com	fmccomiskey3s	O6MCvUdjq	Brazil
138	Cecilia	Chew	cchew3t@dropbox.com	cchew3t	u6SjVXNJEn	Greece
139	Alasteir	Janjusevic	ajanjusevic3u@stanford.edu	ajanjusevic3u	LZUqZP2xeFA	South Africa
140	Emmy	Jaumet	ejaumet3v@earthlink.net	ejaumet3v	5ExZ3crns	Spain
141	Cesya	Durrans	cdurrans3w@cafepress.com	cdurrans3w	nYA5NHt3I	Canada
142	Ulrikaumeko	Harroll	uharroll3x@live.com	uharroll3x	ZAINeacV	China
143	Karen	Pounsett	kpounsett3y@geocities.com	kpounsett3y	D9X0L4hwWG1	Poland
144	Tomkin	Levington	tlevington3z@quantcast.com	tlevington3z	UOQDKkn8	Portugal
145	Geordie	Chasemoore	gchasemoore40@macromedia.com	gchasemoore40	srOqWc3uUMdD	China
146	Pierrette	Stilling	pstilling41@feedburner.com	pstilling41	nzyvXrFOre	Sweden
147	Angelico	Dickman	adickman42@blogtalkradio.com	adickman42	VKLzW1pGC	Honduras
148	Ara	Osselton	aosselton43@altervista.org	aosselton43	hiITlnvc	Nigeria
149	Miranda	Needham	mneedham44@census.gov	mneedham44	SFRqU6KC16	Germany
150	Neile	Proudlove	nproudlove45@people.com.cn	nproudlove45	9Ry0toStXCP	China
151	Ricardo	Jurgenson	rjurgenson46@google.co.jp	rjurgenson46	5RiCfFwl	Sweden
152	Erskine	Boddie	eboddie47@usa.gov	eboddie47	fijq78	Philippines
153	Homer	Chaffey	hchaffey48@homestead.com	hchaffey48	vbEsPO1iJL	China
154	Hestia	McCarthy	hmccarthy49@themeforest.net	hmccarthy49	pvlIQIlfy	Argentina
155	Floyd	Dowry	fdowry4a@noaa.gov	fdowry4a	7H8PQOdKioZR	Armenia
156	Britta	Spere	bspere4b@msu.edu	bspere4b	IMy3uPB2RD	Russia
157	Griff	Letessier	gletessier4c@businesswire.com	gletessier4c	ERiwDjCW	Mexico
158	Terry	Dosedale	tdosedale4d@mozilla.org	tdosedale4d	SJBokMdKGqfi	China
159	Toiboid	Joysey	tjoysey4e@who.int	tjoysey4e	T0P3NS	Japan
160	Sutherlan	Daynter	sdaynter4f@zdnet.com	sdaynter4f	GEI7UNxTp	Libya
161	Dolli	Padfield	dpadfield4g@1und1.de	dpadfield4g	oMMfVDfpu2	Sweden
162	Gare	Crielly	gcrielly4h@yale.edu	gcrielly4h	L0iVUks	Russia
163	Kalvin	Jellard	kjellard4i@apache.org	kjellard4i	ETw9LA4Bfm9	Thailand
164	Keir	Djokic	kdjokic4j@shareasale.com	kdjokic4j	eisRx05	Indonesia
165	Kylila	Beslier	kbeslier4k@canalblog.com	kbeslier4k	FpWget0KXXp	United States
166	Ellswerth	Ivanisov	eivanisov4l@canalblog.com	eivanisov4l	u9SNgKn2ICQm	Indonesia
167	Derrik	Gullefant	dgullefant4m@yahoo.com	dgullefant4m	ZVqWIRjCep	Nigeria
168	Lesya	Vanetti	lvanetti4n@about.com	lvanetti4n	h5LZvi8	Peru
169	Caitlin	Lowles	clowles4o@miitbeian.gov.cn	clowles4o	FFDvOYoh	Russia
170	Chrisse	Churm	cchurm4p@com.com	cchurm4p	Ixg4OYXpQ38Q	Georgia
171	Craig	Jaggs	cjaggs4q@tmall.com	cjaggs4q	Pffp2Fb	Indonesia
172	Michell	Drewett	mdrewett4r@xing.com	mdrewett4r	1Un8iZnVGDd	Poland
173	Felicia	Ashwood	fashwood4s@twitter.com	fashwood4s	PzqDDwr	Guatemala
174	Cherianne	Armatys	carmatys4t@boston.com	carmatys4t	rlqEk6m	Philippines
175	Giovanni	Crose	gcrose4u@nydailynews.com	gcrose4u	drR1VLjRM	Nigeria
176	Orson	Denley	odenley4v@soup.io	odenley4v	y6vja4Qc	Russia
177	Ernestine	Gibberd	egibberd4w@g.co	egibberd4w	TbxS3jk	Peru
178	Daune	Blomefield	dblomefield4x@is.gd	dblomefield4x	tUTN59dDf	Russia
179	Wilie	Halsted	whalsted4y@ebay.co.uk	whalsted4y	SKQOAVo4m1r	Paraguay
180	Gard	Harmond	gharmond4z@noaa.gov	gharmond4z	kacVFE	Portugal
181	Eula	Harmes	eharmes50@woothemes.com	eharmes50	wzbH9omHff	Czech Republic
182	Meredith	Durdan	mdurdan51@skype.com	mdurdan51	4xAb9lA	Indonesia
183	Gil	Woolmore	gwoolmore52@prnewswire.com	gwoolmore52	o9SzpBya	Indonesia
184	Ronnie	Tettley	rtettley53@51.la	rtettley53	TeIN82	Poland
185	Agatha	Valentim	avalentim54@alibaba.com	avalentim54	Uqr4iSNk	Portugal
186	Fayina	Sings	fsings55@jugem.jp	fsings55	5fh49vs	Yemen
187	Ann-marie	Flucker	aflucker56@github.com	aflucker56	oqxnGKN	Indonesia
188	Shaine	Whaites	swhaites57@bloglovin.com	swhaites57	woJ0I2td9t	Indonesia
189	Andonis	Ferencowicz	aferencowicz58@tinypic.com	aferencowicz58	v9XLBa1X	Portugal
190	Rosalinde	Adair	radair59@upenn.edu	radair59	afAUKVZNKMx3	Finland
191	Jeannette	Seth	jseth5a@prnewswire.com	jseth5a	SFWdmTS068fz	China
192	Tiffy	Mc Faul	tmcfaul5b@vinaora.com	tmcfaul5b	dxsSsZlevE	Russia
193	Osborn	Gibling	ogibling5c@goodreads.com	ogibling5c	XATkArLMLB	China
194	Bogey	Eagan	beagan5d@51.la	beagan5d	nybiesc5tWu	Poland
195	Suki	Foucher	sfoucher5e@shinystat.com	sfoucher5e	W0EIJAppLOFr	Czech Republic
196	Gilly	Blakeway	gblakeway5f@yahoo.co.jp	gblakeway5f	ylYp8OOPy	Poland
197	Cherye	Iacobo	ciacobo5g@nydailynews.com	ciacobo5g	w9tHvZa	Indonesia
198	Dorelia	Berrygun	dberrygun5h@51.la	dberrygun5h	vk2seNW	Cuba
199	Garvin	Haugen	ghaugen5i@smh.com.au	ghaugen5i	GMRl2nPn	Sweden
200	Nicol	Lune	nlune5j@technorati.com	nlune5j	tiSxNl4Xt	Lebanon
201	Celie	Tapscott	ctapscott5k@amazon.co.jp	ctapscott5k	dtQsjHdh	China
202	Livy	Polley	lpolley5l@guardian.co.uk	lpolley5l	m4LdG7nV5	Indonesia
203	Shirlene	Dwerryhouse	sdwerryhouse5m@weather.com	sdwerryhouse5m	DBV5axoF3	Russia
204	Celina	Spriggen	cspriggen5n@ox.ac.uk	cspriggen5n	RHgDboNm5e	South Africa
205	Antonino	McGuinley	amcguinley5o@sitemeter.com	amcguinley5o	rYZfXXdGXS	United States
206	Adamo	Jacquot	ajacquot5p@blinklist.com	ajacquot5p	NkUGWYai3D	United States
207	Koo	Woodard	kwoodard5q@123-reg.co.uk	kwoodard5q	uOMRGb4RYO	Japan
208	Hana	Buxam	hbuxam5r@topsy.com	hbuxam5r	KNis5T	Philippines
209	Torr	de Leon	tdeleon5s@mac.com	tdeleon5s	xxcUbe	Portugal
210	Bobbette	Scouse	bscouse5t@t-online.de	bscouse5t	OkOSoKgzr	Japan
211	Malissia	Semark	msemark5u@chron.com	msemark5u	HMx0764kT	Latvia
212	Trude	Woloschin	twoloschin5v@squarespace.com	twoloschin5v	LQbg6WV	China
213	Maddie	Orteu	morteu5w@alibaba.com	morteu5w	IKAc70ByyPKE	Bangladesh
214	Shanon	Shefton	sshefton5x@salon.com	sshefton5x	XEvHTHYT	Mauritius
215	Faye	Waterhouse	fwaterhouse5y@hp.com	fwaterhouse5y	610fGW5ah	Indonesia
216	Clarie	Condliffe	ccondliffe5z@google.it	ccondliffe5z	4C8XENDdu	Colombia
217	Melloney	Puncher	mpuncher60@japanpost.jp	mpuncher60	6HFYQudMOm	China
218	Hobart	Tregien	htregien61@mtv.com	htregien61	xeFe4Up7XTr	France
219	Kermie	Siviter	ksiviter62@aol.com	ksiviter62	ZLK6C5ELKS	China
220	Taylor	Bavester	tbavester63@upenn.edu	tbavester63	TS1U20HpginQ	Slovenia
221	Irvine	Bread	ibread64@opensource.org	ibread64	9EJEk2nQ	Pakistan
222	Blake	Kores	bkores65@g.co	bkores65	Dyo9OBQmwq	Indonesia
223	Pamella	Dunkirk	pdunkirk66@marriott.com	pdunkirk66	Ch6HKex0Em	Jordan
224	Levin	Dukelow	ldukelow67@php.net	ldukelow67	20beAguYn	China
225	Tera	Baudinot	tbaudinot68@wordpress.com	tbaudinot68	NYbJFhh4	Czech Republic
226	Kore	Fenich	kfenich69@auda.org.au	kfenich69	AgpyonvXe	Ecuador
227	Irene	Keningley	ikeningley6a@noaa.gov	ikeningley6a	k4iKfO	Ukraine
228	Lana	McIsaac	lmcisaac6b@ask.com	lmcisaac6b	5OSDremSKtQ	Peru
229	Aimee	Luno	aluno6c@businessweek.com	aluno6c	K2sooMlWu	Vietnam
230	Sybila	Hegg	shegg6d@buzzfeed.com	shegg6d	EM2TIVEQ	Taiwan
231	Brigida	Lowdeane	blowdeane6e@t-online.de	blowdeane6e	CHUztjw97	Philippines
232	Finley	Hans	fhans6f@smh.com.au	fhans6f	4KrHEhJh5c	Indonesia
233	Tony	Blanchflower	tblanchflower6g@wikia.com	tblanchflower6g	fumg3brER	Afghanistan
234	Trescha	Teissier	tteissier6h@chronoengine.com	tteissier6h	rHPy6bhkE	United States
235	Waring	Hampstead	whampstead6i@jiathis.com	whampstead6i	mxDyvOkwCzf	China
236	Bud	Boustead	bboustead6j@lycos.com	bboustead6j	LZ9A9YwPHGVy	Haiti
237	Camille	Etchell	cetchell6k@yellowbook.com	cetchell6k	Ipv8o7uB0jx6	Netherlands
238	Bekki	Comello	bcomello6l@tripadvisor.com	bcomello6l	UnGBDKAb22	China
239	Winston	Chomicki	wchomicki6m@zimbio.com	wchomicki6m	JAeaVBHQIC	Greece
240	Kerrie	Derrett	kderrett6n@gnu.org	kderrett6n	BYb1qUW7n	France
241	Margret	Thrustle	mthrustle6o@amazon.co.uk	mthrustle6o	TnKmwQ	China
242	Hall	Habben	hhabben6p@typepad.com	hhabben6p	Wro6YgxTNs	North Korea
243	Farley	Harrison	fharrison6q@ow.ly	fharrison6q	fpvCAEh	Ukraine
244	Heath	Ferrelli	hferrelli6r@va.gov	hferrelli6r	vpVYiQqq375i	Georgia
245	Juli	Copp	jcopp6s@cafepress.com	jcopp6s	Q6neZgy	Nepal
246	Loren	Churchin	lchurchin6t@xrea.com	lchurchin6t	0jAQ3h	Finland
247	Tera	Gossage	tgossage6u@ow.ly	tgossage6u	C0sV1ijYY	Kyrgyzstan
248	Ellwood	Drissell	edrissell6v@dot.gov	edrissell6v	VfHxj865lvN	Russia
249	Margaretta	Ceeley	mceeley6w@yahoo.co.jp	mceeley6w	i1eJrlc	Ivory Coast
250	Chaim	Karolewski	ckarolewski6x@noaa.gov	ckarolewski6x	F5KJdp6r6G9K	China
251	Lionello	Heald	lheald6y@shareasale.com	lheald6y	vP51rJd5Y	China
252	Chevalier	Saxelby	csaxelby6z@blogtalkradio.com	csaxelby6z	QAGyE7LvN	Portugal
253	Tiena	Mathews	tmathews70@discovery.com	tmathews70	XLtqke	Macedonia
254	Fraze	Le Barr	flebarr71@slideshare.net	flebarr71	kn72gPly	China
255	Thedrick	Steers	tsteers72@flickr.com	tsteers72	dxT6f6wo	Colombia
256	Massimiliano	Imesson	mimesson73@posterous.com	mimesson73	AXobqvB	China
257	Jeana	Hunnawill	jhunnawill74@sakura.ne.jp	jhunnawill74	Vqt421t7	Poland
258	Ethe	Poetz	epoetz75@stumbleupon.com	epoetz75	56YFBe	Palestinian Territory
259	Peter	Bains	pbains76@bizjournals.com	pbains76	8F4IlP	Ireland
260	Celesta	Arbuckel	carbuckel77@homestead.com	carbuckel77	c5IiEt	Brazil
261	Flem	Brailey	fbrailey78@hatena.ne.jp	fbrailey78	xEs5sDMGxL76	China
262	Kelcy	Chiese	kchiese79@mysql.com	kchiese79	KAokHOJU	China
263	Pet	Davana	pdavana7a@istockphoto.com	pdavana7a	LbMflBU12I3F	China
264	Michale	Summerfield	msummerfield7b@tinypic.com	msummerfield7b	ILAJVTmv	Japan
265	Becca	Mc Caughan	bmccaughan7c@i2i.jp	bmccaughan7c	L0SBzPRmXw4H	Sierra Leone
266	Audry	Busain	abusain7d@ezinearticles.com	abusain7d	zGvlxtBI345	China
267	Parsifal	McFadden	pmcfadden7e@si.edu	pmcfadden7e	DUGP1BPsQ	Indonesia
268	Hurlee	Blackaller	hblackaller7f@sogou.com	hblackaller7f	Uh7Ze2pS	Malawi
269	Angeline	Geri	ageri7g@people.com.cn	ageri7g	yLLmS9	Greece
270	Ware	Sturch	wsturch7h@qq.com	wsturch7h	0kkrTW1	Panama
271	Leslie	Nicholson	lnicholson7i@nsw.gov.au	lnicholson7i	WbCZFagp	Finland
272	Skyler	Nafziger	snafziger7j@google.ru	snafziger7j	p2ioTK7Iu	Poland
273	Stillman	Kowalik	skowalik7k@fastcompany.com	skowalik7k	eAFmxWw	Philippines
274	Fremont	Lowell	flowell7l@google.es	flowell7l	cyO3tLefc3hq	Canada
275	Didi	Manklow	dmanklow7m@seesaa.net	dmanklow7m	2TXJI7moUK	Indonesia
276	Abraham	Reedman	areedman7n@1688.com	areedman7n	cegvBDlmDO	United States
277	Stillmann	Duncombe	sduncombe7o@google.co.jp	sduncombe7o	1WpVlwWmmG	China
278	Hoebart	Durak	hdurak7p@who.int	hdurak7p	WwkzMu	United States
279	Bron	Povey	bpovey7q@google.pl	bpovey7q	yYUk1E	Pakistan
280	Mathilda	Maleney	mmaleney7r@china.com.cn	mmaleney7r	JQdId0vt8	Gambia
281	Matteo	Persicke	mpersicke7s@unc.edu	mpersicke7s	Y4UaJmES	Russia
282	Shantee	Instrell	sinstrell7t@google.ru	sinstrell7t	0fx7AhQFgNM	China
283	Jilli	Fidian	jfidian7u@cmu.edu	jfidian7u	ZoVKT2uBS2Fr	Peru
284	Farris	Duffus	fduffus7v@foxnews.com	fduffus7v	dZ33k62	Indonesia
285	Marlo	Bettlestone	mbettlestone7w@tripadvisor.com	mbettlestone7w	nNmac0	Indonesia
286	Scarlett	Philip	sphilip7x@dailymail.co.uk	sphilip7x	163c2YTsB	Palestinian Territory
287	Ford	Sigg	fsigg7y@un.org	fsigg7y	qfo5x2f7i	China
288	Trueman	Patchett	tpatchett7z@pcworld.com	tpatchett7z	ED4E1V	Russia
289	Vonnie	Ginnelly	vginnelly80@mapy.cz	vginnelly80	uJ53Lpv6	Democratic Republic of the Congo
290	Annalise	Speachley	aspeachley81@joomla.org	aspeachley81	RFk2LK	China
291	Trevar	Augustine	taugustine82@ocn.ne.jp	taugustine82	fHr39Ik1S	China
292	Garreth	Sankey	gsankey83@baidu.com	gsankey83	WBbn4Jl	Japan
293	Andra	Constantine	aconstantine84@feedburner.com	aconstantine84	yNuULwOxIQ	Pakistan
294	Hughie	Coch	hcoch85@archive.org	hcoch85	me0VrGsUu	Macedonia
295	Lin	Cicconettii	lcicconettii86@rambler.ru	lcicconettii86	gvleU3hHmFMz	Russia
296	Timothea	Brumble	tbrumble87@dot.gov	tbrumble87	SvXycBCGPP	China
297	Natala	Eggar	neggar88@stumbleupon.com	neggar88	Y8U5LZu	Indonesia
298	Michal	Rubes	mrubes89@ihg.com	mrubes89	SC7cGOMEdKU	Peru
299	Ly	Stanex	lstanex8a@mlb.com	lstanex8a	wPan7l9An7	Montenegro
300	Domenic	Josskowitz	djosskowitz8b@blog.com	djosskowitz8b	tnTzTYTi	Brazil
301	Melvyn	Manske	mmanske8c@sciencedirect.com	mmanske8c	bdIZjrbmVX	China
302	Hollis	Hartas	hhartas8d@jalbum.net	hhartas8d	VK60gPF4jS	Canada
303	Leoine	Benediktovich	lbenediktovich8e@bloglines.com	lbenediktovich8e	dvpuJEPnOxY	Indonesia
304	Kingsly	Commings	kcommings8f@lycos.com	kcommings8f	dPJGo6p9	Kazakhstan
305	Tarrance	Swinley	tswinley8g@privacy.gov.au	tswinley8g	dMSXen	Armenia
306	Adela	Jennaway	ajennaway8h@dropbox.com	ajennaway8h	kaRgNSXQUO	Dominican Republic
307	Marybelle	Airth	mairth8i@meetup.com	mairth8i	OchSrz	Philippines
308	Janetta	Minillo	jminillo8j@ftc.gov	jminillo8j	XZjgxh7	Indonesia
309	Adrien	Whyler	awhyler8k@virginia.edu	awhyler8k	p6ntX7cN	Indonesia
310	Jeri	Rassmann	jrassmann8l@washingtonpost.com	jrassmann8l	tJCByFy6lKjT	China
311	Lona	Fenemore	lfenemore8m@arizona.edu	lfenemore8m	MfJOfL1KrX9	Dominican Republic
312	Nadine	Mandrier	nmandrier8n@hud.gov	nmandrier8n	tlDnIL	France
313	Elvin	Lambourn	elambourn8o@bloomberg.com	elambourn8o	wOzcY4y	Sweden
314	Ericka	Baldacchino	ebaldacchino8p@accuweather.com	ebaldacchino8p	9eHPjmBJ	Indonesia
315	Guendolen	Downing	gdowning8q@technorati.com	gdowning8q	ETHC4mDxW	Indonesia
316	Kenny	Weedenburg	kweedenburg8r@fastcompany.com	kweedenburg8r	b4isnoFx88	Indonesia
317	Alejandrina	Debrett	adebrett8s@mysql.com	adebrett8s	QVfpU6w3dUWj	Czech Republic
318	Dee	Lundberg	dlundberg8t@facebook.com	dlundberg8t	LQwKZ3lWdd	Brazil
319	Nesta	Petteford	npetteford8u@cbsnews.com	npetteford8u	yXvZMs	Philippines
320	Curtis	Splevin	csplevin8v@go.com	csplevin8v	iLKovQxF	South Korea
321	Conrade	Greveson	cgreveson8w@yale.edu	cgreveson8w	DCCb9R7	China
322	Gaby	Behning	gbehning8x@europa.eu	gbehning8x	26I1yOKUSj	Russia
323	Filip	Grimsdell	fgrimsdell8y@guardian.co.uk	fgrimsdell8y	t5E8gEU3sGok	Indonesia
324	Tucker	Sturt	tsturt8z@twitpic.com	tsturt8z	LG59zsdOf	Serbia
325	Toddie	Stear	tstear90@pen.io	tstear90	5NBtwu	Argentina
326	Rubia	Anchor	ranchor91@canalblog.com	ranchor91	MuqyTquRqr	Indonesia
327	Stace	Shapter	sshapter92@pen.io	sshapter92	HHrQiNzWMYH	Poland
328	Donna	Dyson	ddyson93@springer.com	ddyson93	VZ2zwrNWm	Poland
329	Taite	Stephens	tstephens94@census.gov	tstephens94	0iP5LQ	Vietnam
330	Kristien	Fischer	kfischer95@aol.com	kfischer95	kc0jKx	Nigeria
331	Butch	Saphir	bsaphir96@simplemachines.org	bsaphir96	N7UvTpc	Morocco
332	Theresa	Caffrey	tcaffrey97@ehow.com	tcaffrey97	df7Vnx	Portugal
333	Barth	Screase	bscrease98@elegantthemes.com	bscrease98	BLJj8jhxWZR4	Palestinian Territory
334	Dehlia	Johl	djohl99@latimes.com	djohl99	Ao6RS0Fv	Portugal
335	Todd	Rucklidge	trucklidge9a@cnbc.com	trucklidge9a	wZltrIJ	France
336	Bordy	Deppe	bdeppe9b@mozilla.org	bdeppe9b	oFtS8HcaLe	El Salvador
337	Berthe	Kopf	bkopf9c@about.me	bkopf9c	gIicaQl9TAev	South Korea
338	Sadie	Ladd	sladd9d@prlog.org	sladd9d	VcuIlTFGPejl	Vietnam
339	Rosabelle	Thomel	rthomel9e@macromedia.com	rthomel9e	3uJv6bGRWq	United States
340	Shaylah	Dwelley	sdwelley9f@marriott.com	sdwelley9f	uiFp31D	Germany
341	Filberte	Spurden	fspurden9g@earthlink.net	fspurden9g	ZfnXlAd1	China
342	Brigid	Treves	btreves9h@sfgate.com	btreves9h	5SVsHmcY	Canada
343	Howard	Mattiussi	hmattiussi9i@ovh.net	hmattiussi9i	x34r1SCT03	Yemen
344	Giulia	Sidebotton	gsidebotton9j@posterous.com	gsidebotton9j	iZMo4uhqXD5	Australia
345	Euell	Smelley	esmelley9k@about.me	esmelley9k	suUlxYY	Netherlands
346	Ines	Normanvell	inormanvell9l@youtube.com	inormanvell9l	039j623NVp	Azerbaijan
347	Kinsley	Oddy	koddy9m@infoseek.co.jp	koddy9m	BNuAx8k	Russia
348	Gertrud	Danilin	gdanilin9n@wp.com	gdanilin9n	WGA1REasp	Martinique
349	Thacher	Dimnage	tdimnage9o@parallels.com	tdimnage9o	Q4tC61ybp	Sri Lanka
350	Martin	Retter	mretter9p@amazon.de	mretter9p	bsElBp1gkQF	Brazil
351	Tiebold	Buffy	tbuffy9q@domainmarket.com	tbuffy9q	NHAw1rfAB	Thailand
352	Nahum	Hek	nhek9r@blogspot.com	nhek9r	8aCIlC6	United States
353	Loy	Grahame	lgrahame9s@indiatimes.com	lgrahame9s	nF97jDHHL8	Indonesia
354	Denna	Bohlin	dbohlin9t@dmoz.org	dbohlin9t	uCfToNkbat	China
355	Sandro	Woollcott	swoollcott9u@reddit.com	swoollcott9u	caPWGdk	Indonesia
356	Rriocard	McQuilty	rmcquilty9v@woothemes.com	rmcquilty9v	LEYOz4i23K	Russia
357	Elnar	O'Tuohy	eotuohy9w@amazon.com	eotuohy9w	8XDO4HhXx	Russia
358	Skell	Tenaunt	stenaunt9x@bluehost.com	stenaunt9x	m2BmcL2WeoJ	China
359	Berkley	Connaughton	bconnaughton9y@nytimes.com	bconnaughton9y	za6MN37xanN	Moldova
360	Tomaso	Leber	tleber9z@posterous.com	tleber9z	z0tXp4kJagjg	Cameroon
361	Mendie	Furneaux	mfurneauxa0@umn.edu	mfurneauxa0	hbQxPyLx	Peru
362	Gianni	Garbutt	ggarbutta1@loc.gov	ggarbutta1	UMtVuRuoqYV	Thailand
363	Anatollo	Sibylla	asibyllaa2@networksolutions.com	asibyllaa2	Vx4Iy5t4	China
364	Fabio	Harsnep	fharsnepa3@sbwire.com	fharsnepa3	XWE6IcigFXP	Luxembourg
365	Shermie	Fife	sfifea4@github.com	sfifea4	hnQGnKOIeN	Poland
366	Humbert	Grombridge	hgrombridgea5@foxnews.com	hgrombridgea5	oxX9B8yu07X	Russia
367	Astrix	Millbank	amillbanka6@google.de	amillbanka6	2UCJjb42Gdjl	France
368	Aldon	Lanning	alanninga7@state.gov	alanninga7	Tn5RHXkrkE	China
369	Michaeline	Gounel	mgounela8@yahoo.com	mgounela8	bELxwCQ8D	China
370	Corrinne	Succamore	csuccamorea9@patch.com	csuccamorea9	KMtfAN	New Zealand
371	Charita	Paver	cpaveraa@usgs.gov	cpaveraa	63wTB02ASsmq	China
372	Phillipe	Menis	pmenisab@eventbrite.com	pmenisab	8LDBlIrNFx	Bangladesh
373	Evangelia	Parke	eparkeac@dailymotion.com	eparkeac	Z93UqE	China
374	Roxi	Brislan	rbrislanad@deliciousdays.com	rbrislanad	NaKFXpNj	China
375	Pavia	Moysey	pmoyseyae@techcrunch.com	pmoyseyae	G8Qu6yUcR	China
376	Jermayne	Klossek	jklossekaf@altervista.org	jklossekaf	7norqlUyAcfn	Cuba
377	Erinna	Iredale	eiredaleag@goo.ne.jp	eiredaleag	942PDiDQkAP	Bolivia
378	Emlyn	Chapling	echaplingah@instagram.com	echaplingah	Kfb908xR3Q	Czech Republic
379	Ferdinanda	Coveney	fcoveneyai@cpanel.net	fcoveneyai	jJuFhTlVFmY	Panama
380	Zitella	Temby	ztembyaj@tripadvisor.com	ztembyaj	5q5qjpj48S	New Zealand
381	Jojo	Kitching	jkitchingak@shutterfly.com	jkitchingak	09XiHZ7vu	China
382	Anson	Rodders	aroddersal@usnews.com	aroddersal	EhiR852oSW	Indonesia
383	Timi	Zavittieri	tzavittieriam@jalbum.net	tzavittieriam	zK3Sc9	China
384	Gavra	Ferschke	gferschkean@icq.com	gferschkean	CmBO0IwN	Georgia
385	Kimble	Spaduzza	kspaduzzaao@thetimes.co.uk	kspaduzzaao	QhsCcDUl	Germany
386	Keelia	Twitching	ktwitchingap@wix.com	ktwitchingap	638ZvWtYD7G	Indonesia
387	Maegan	Mercey	mmerceyaq@weebly.com	mmerceyaq	5VDGxT6v7g	Colombia
388	Lew	Tryme	ltrymear@upenn.edu	ltrymear	uc92deZyV1	Estonia
389	Regine	Thwaite	rthwaiteas@princeton.edu	rthwaiteas	iW4Wvj1hUDv	China
390	Bourke	Rosoman	brosomanat@tamu.edu	brosomanat	N9fWQXhkHecg	Greece
391	Marsha	Matley	mmatleyau@phoca.cz	mmatleyau	ONf8LVIh	Venezuela
392	Enriqueta	Hume	ehumeav@arstechnica.com	ehumeav	qVBpid5vQ	Poland
393	Lothaire	Smeal	lsmealaw@de.vu	lsmealaw	42bRyP8tnK	China
394	Gelya	Francais	gfrancaisax@cbsnews.com	gfrancaisax	GffuKFvTcZq	Sudan
395	Nicoli	D'Orsay	ndorsayay@economist.com	ndorsayay	Zk4S0Sq	Ukraine
396	Odelle	Crocombe	ocrocombeaz@craigslist.org	ocrocombeaz	ZcKxYa9	Nigeria
397	Jarad	Magovern	jmagovernb0@creativecommons.org	jmagovernb0	ZTEwpuc	Ukraine
398	Hallsy	Haulkham	hhaulkhamb1@omniture.com	hhaulkhamb1	eTIef5EQ	Indonesia
399	Tiena	Batchelor	tbatchelorb2@stanford.edu	tbatchelorb2	G3fvXz	Sweden
400	Pam	de Clercq	pdeclercqb3@opensource.org	pdeclercqb3	TFQMW2L	Venezuela
401	Isidore	Farlowe	ifarloweb4@nasa.gov	ifarloweb4	hfmgKQ8	Philippines
402	Kerstin	De Simoni	kdesimonib5@purevolume.com	kdesimonib5	0x5MfAb	Russia
403	Mavra	Darragh	mdarraghb6@yandex.ru	mdarraghb6	APpERRaEr91i	Tanzania
404	Jackie	Chiese	jchieseb7@baidu.com	jchieseb7	IEnNfBueGI	France
405	Pauline	Wandtke	pwandtkeb8@google.it	pwandtkeb8	rQe0b40	Egypt
406	Lindon	Birkhead	lbirkheadb9@prweb.com	lbirkheadb9	qwvR4b2LrYJG	China
407	Alonzo	Illyes	aillyesba@naver.com	aillyesba	OzGzXplUJ	China
408	Maryrose	Nairns	mnairnsbb@intel.com	mnairnsbb	gh7lYEESMbQE	Norway
409	Tobiah	Rooze	troozebc@flavors.me	troozebc	LBXC7WeD	Dominican Republic
410	Winonah	Atterley	watterleybd@blinklist.com	watterleybd	DDTNfsJ	Russia
411	Kylen	Chastney	kchastneybe@dot.gov	kchastneybe	gqz4GE2	Philippines
412	Hedvige	Todarini	htodarinibf@umich.edu	htodarinibf	2EdHRCU	United States
413	Dory	Scoble	dscoblebg@themeforest.net	dscoblebg	NElOeI5y	Indonesia
414	Rosmunda	Wombwell	rwombwellbh@friendfeed.com	rwombwellbh	lUHt9F2xzK	United States
415	Marcelle	Tessyman	mtessymanbi@tmall.com	mtessymanbi	H8wDsD9aZar	Brazil
416	Brook	Gors	bgorsbj@furl.net	bgorsbj	H54OHH1V6Viz	Chad
417	Kimmy	Claxson	kclaxsonbk@cocolog-nifty.com	kclaxsonbk	1uSje0FmFa	Brazil
418	Rollin	Storror	rstorrorbl@ca.gov	rstorrorbl	1m9Jc6szs	Brazil
419	Lou	Mushett	lmushettbm@washingtonpost.com	lmushettbm	pGiANJg6J85	Brazil
420	William	Castanos	wcastanosbn@pinterest.com	wcastanosbn	yS138N	China
421	Demetri	March	dmarchbo@noaa.gov	dmarchbo	lengsPjAbLU	Portugal
422	Jo-ann	Eliez	jeliezbp@nifty.com	jeliezbp	VAIyUB	Portugal
423	Sam	Munby	smunbybq@dropbox.com	smunbybq	UaaDMONnm	Palestinian Territory
424	Elly	Bree	ebreebr@feedburner.com	ebreebr	dp3GPAV	Nicaragua
425	Karlie	Shalliker	kshallikerbs@pinterest.com	kshallikerbs	a6nkK5R9OV	Honduras
426	Foster	Syphus	fsyphusbt@mapquest.com	fsyphusbt	jz35RX2xL2I3	Poland
427	Ella	Grancher	egrancherbu@epa.gov	egrancherbu	1S1DquFusNVX	Bosnia and Herzegovina
428	Lanie	Megainey	lmegaineybv@nymag.com	lmegaineybv	ZOsMvbM8QqRd	Portugal
429	Antons	Bolsover	abolsoverbw@hubpages.com	abolsoverbw	7QYRzGTFiv	Indonesia
430	Rey	Estoile	restoilebx@theglobeandmail.com	restoilebx	Hy4Y2iVnnWRC	China
431	Bert	Kassman	bkassmanby@sciencedirect.com	bkassmanby	q9cGtu75smqG	China
432	Diane-marie	Tegeller	dtegellerbz@weather.com	dtegellerbz	n7RiXVsA	China
433	Valida	Northill	vnorthillc0@dedecms.com	vnorthillc0	XlxpPiGay	Indonesia
434	Hadlee	Badger	hbadgerc1@soundcloud.com	hbadgerc1	Q8fyRm	Indonesia
435	Molly	Visco	mviscoc2@rakuten.co.jp	mviscoc2	cIVLZxIvOO7	Dominican Republic
436	Christa	Elger	celgerc3@techcrunch.com	celgerc3	t9aiCp1JX	Tunisia
437	Sumner	Overington	soveringtonc4@qq.com	soveringtonc4	cgY7Mekm	United States
438	Gabbey	Huntington	ghuntingtonc5@smh.com.au	ghuntingtonc5	NbO9O2Z1Pb7O	Portugal
439	Carlyn	Costen	ccostenc6@twitpic.com	ccostenc6	05SU5KrZCEV	Nicaragua
440	Breanne	Warret	bwarretc7@google.cn	bwarretc7	gUWZz2Sc	Guatemala
441	Leena	Paxeford	lpaxefordc8@wiley.com	lpaxefordc8	fyR1pvdOBR	Philippines
442	Ariana	Nesbeth	anesbethc9@csmonitor.com	anesbethc9	RT8ydAl6e	Indonesia
443	Shae	Renackowna	srenackownaca@ifeng.com	srenackownaca	IW58TrL	Kosovo
444	Dorelle	Cosker	dcoskercb@360.cn	dcoskercb	WJ7DPeH2	Canada
445	Amy	Choules	achoulescc@mediafire.com	achoulescc	bZZQc9	Japan
446	Brita	Klinck	bklinckcd@discovery.com	bklinckcd	ohE6OlvcM	Russia
447	Walker	Holgan	wholgance@wikia.com	wholgance	gAKzN8CAdv	China
448	Hilly	Piris	hpiriscf@printfriendly.com	hpiriscf	vKvuyu2b7xku	China
449	Margarita	Scrimshire	mscrimshirecg@ezinearticles.com	mscrimshirecg	4CA9Is88CskY	China
450	Fidelio	Camamill	fcamamillch@list-manage.com	fcamamillch	cAqgjPAFsz7E	China
451	Mallory	Staziker	mstazikerci@histats.com	mstazikerci	2MzhpbF15c1	Russia
452	Margie	Edwicker	medwickercj@unesco.org	medwickercj	kNxSh419	Belarus
453	Jordana	McEntee	jmcenteeck@youtu.be	jmcenteeck	9eesi3	Japan
454	Fernandina	Vasilmanov	fvasilmanovcl@examiner.com	fvasilmanovcl	jqmh68j	Honduras
455	Sonni	Cisar	scisarcm@google.cn	scisarcm	WzOoUS	Ecuador
456	Vin	Bremond	vbremondcn@usatoday.com	vbremondcn	Wrk457	Canada
457	Lelia	Ireson	liresonco@sciencedirect.com	liresonco	UwGaqo	Russia
458	Carter	Plevin	cplevincp@g.co	cplevincp	Wibf4PSs4K5X	Belarus
459	Nicolis	Scoyles	nscoylescq@youtube.com	nscoylescq	77Ujb4	Macedonia
460	Zorah	Pendlebury	zpendleburycr@edublogs.org	zpendleburycr	RWhv6X	Russia
461	Aland	Lashley	alashleycs@wikia.com	alashleycs	Q6g6Me	Spain
462	Celine	Water	cwaterct@imageshack.us	cwaterct	kzN8442McYU2	Ireland
463	Jazmin	Lloyd	jlloydcu@admin.ch	jlloydcu	aL5Nnkn	Thailand
464	Katrina	Wayvill	kwayvillcv@e-recht24.de	kwayvillcv	0RuQ0R	Portugal
465	Holt	Kensington	hkensingtoncw@feedburner.com	hkensingtoncw	KkmgHl	Poland
466	Maddie	Downer	mdownercx@seesaa.net	mdownercx	OfBdq88PG3M	Indonesia
467	Parker	Derill	pderillcy@shutterfly.com	pderillcy	aOEbXI1l2aU	Russia
468	Jaime	Fasse	jfassecz@booking.com	jfassecz	aUKzTJnv5	Portugal
469	Dionis	Lorait	dloraitd0@de.vu	dloraitd0	eSfYnpGu	China
470	Humfrey	Floodgate	hfloodgated1@va.gov	hfloodgated1	P2QMTJ4LK	Poland
471	Melba	Schapiro	mschapirod2@virginia.edu	mschapirod2	bubR7DXzD	France
472	Iosep	Pharo	ipharod3@kickstarter.com	ipharod3	drmKPCSyTKq	Poland
473	Osborn	Easlea	oeaslead4@admin.ch	oeaslead4	YFEa7UGdkgL	Peru
474	Allx	Oswick	aoswickd5@blogs.com	aoswickd5	f4TuFrNLua	China
475	Vanny	Riste	vristed6@loc.gov	vristed6	UqU5H4d1G	China
476	Cos	Eeles	ceelesd7@utexas.edu	ceelesd7	SIttuZ	Thailand
477	Robers	Rosina	rrosinad8@stumbleupon.com	rrosinad8	XkILxHW	Nigeria
478	Fredra	Allsobrook	fallsobrookd9@nhs.uk	fallsobrookd9	W9QAvaCf	Japan
479	Basile	McWilliam	bmcwilliamda@nyu.edu	bmcwilliamda	WI5FJJXpST	Japan
480	Thurstan	Annandale	tannandaledb@diigo.com	tannandaledb	aVx7BPy3X	Indonesia
481	Clayton	Rubenov	crubenovdc@arstechnica.com	crubenovdc	DNmlinOE3	Afghanistan
482	Erasmus	Bohlsen	ebohlsendd@ask.com	ebohlsendd	dqy2p7lU	Brazil
483	Sonnie	Gilhouley	sgilhouleyde@cnbc.com	sgilhouleyde	AK2pVTY1M6z	China
484	Veriee	Kerss	vkerssdf@smugmug.com	vkerssdf	ssIkD0O	Russia
485	Aldous	Birkmyre	abirkmyredg@geocities.jp	abirkmyredg	kbXWRfNQZB	Greece
486	Gerry	Haney	ghaneydh@skyrock.com	ghaneydh	J7Egk2O9dsMt	Iran
487	Kailey	Oherlihy	koherlihydi@booking.com	koherlihydi	hGJ0JMdOg	Belarus
488	Tobye	Tuhy	ttuhydj@china.com.cn	ttuhydj	sRY5c3zLbxX	Egypt
489	Leta	Stollberger	lstollbergerdk@unc.edu	lstollbergerdk	7q17km1d	Sweden
490	Madge	Stolze	mstolzedl@surveymonkey.com	mstolzedl	a4dIFwmCE	Indonesia
491	Kathleen	Blackledge	kblackledgedm@virginia.edu	kblackledgedm	U396FZFoUSE6	China
492	Daniella	Prandin	dprandindn@shop-pro.jp	dprandindn	J6WMk9a	China
493	Maximilien	Yakovitch	myakovitchdo@howstuffworks.com	myakovitchdo	8o6zVD	Russia
494	Phip	Eichmann	peichmanndp@last.fm	peichmanndp	MqBPPiV	Czech Republic
495	Hobey	Roston	hrostondq@chicagotribune.com	hrostondq	6ycnzSiSD	Indonesia
496	Cozmo	Lucien	cluciendr@discovery.com	cluciendr	Cj92wkLJ	Indonesia
497	Almeria	Hourston	ahourstonds@umn.edu	ahourstonds	IJkT1rtrzrB	Germany
498	Viviyan	Harrow	vharrowdt@irs.gov	vharrowdt	wBmSFPijm	United States
499	Aeriel	Allum	aallumdu@wikimedia.org	aallumdu	ST6Kz5DJ	Bulgaria
500	Elka	Lidyard	elidyarddv@archive.org	elidyarddv	n6iZp5gX674	Indonesia
501	Matthew	Redgate	mredgatedw@ehow.com	mredgatedw	Dobo7EYNmjlj	Croatia
502	Kaitlynn	Colyer	kcolyerdx@pbs.org	kcolyerdx	6FwBTzvib	China
503	Tulley	Wards	twardsdy@indiatimes.com	twardsdy	LM3HWwBbA	Russia
504	Matt	Ricker	mrickerdz@cnbc.com	mrickerdz	9xEKpaRFUHno	Russia
505	Pamela	Willshaw	pwillshawe0@parallels.com	pwillshawe0	5GkQv2H	France
506	Quinn	Gorring	qgorringe1@jugem.jp	qgorringe1	8KeyA64	Russia
507	Gus	Bryers	gbryerse2@acquirethisname.com	gbryerse2	io1B87R9k	United States
508	Joseph	Wetherill	jwetherille3@lycos.com	jwetherille3	sntHjF8bj	Indonesia
509	Valida	McDermott-Row	vmcdermottrowe4@meetup.com	vmcdermottrowe4	qFQqCEwXc	Serbia
510	Wilburt	Linnit	wlinnite5@cornell.edu	wlinnite5	Fb4FLB9gJO0c	China
511	Emmery	Duckit	educkite6@hatena.ne.jp	educkite6	CwjftEFma	Ethiopia
512	Skyler	Hucker	shuckere7@sogou.com	shuckere7	q5MxcM1GIxKK	Vietnam
513	Geralda	Feary	gfearye8@mit.edu	gfearye8	KQllvpVS8W	Vietnam
514	Charo	Blowing	cblowinge9@cbc.ca	cblowinge9	VlgZaQ	France
515	Granville	Littlekit	glittlekitea@intel.com	glittlekitea	2qZMid	Russia
516	Reuven	Schanke	rschankeeb@ezinearticles.com	rschankeeb	ZXYPIC58j2Jm	China
517	Codi	Littledike	clittledikeec@baidu.com	clittledikeec	F4M6voT	Brazil
518	Moyna	Hammerberg	mhammerberged@uiuc.edu	mhammerberged	fn3cTM5	Portugal
519	Nicola	Deverell	ndeverellee@goo.gl	ndeverellee	2ePcEhxa	Guatemala
520	Dawna	Shufflebotham	dshufflebothamef@booking.com	dshufflebothamef	KPCHgScASaV	Poland
521	Antonius	Mathers	amatherseg@goo.gl	amatherseg	tWadHptegRV	Portugal
522	Faun	Boyer	fboyereh@e-recht24.de	fboyereh	NYmYuhe	Portugal
523	Reeva	Pocke	rpockeei@google.ru	rpockeei	gobXDOVE1c	Greece
524	Natalina	Plak	nplakej@yolasite.com	nplakej	iZhCZLH7jId	Japan
525	Aili	Forri	aforriek@house.gov	aforriek	4w3ZuKfww	Peru
526	Flemming	Conaboy	fconaboyel@cmu.edu	fconaboyel	Ys0QhTh4	Poland
527	Kali	Santon	ksantonem@army.mil	ksantonem	FHtWRb	Netherlands
528	Herve	Morratt	hmorratten@i2i.jp	hmorratten	pDVITSPo1mL	Tunisia
529	Jamie	Vurley	jvurleyeo@narod.ru	jvurleyeo	hnjTP2V0f	Malaysia
530	Bibbye	Culter	bculterep@canalblog.com	bculterep	cmps7G4	China
531	Elenore	Wenban	ewenbaneq@businessinsider.com	ewenbaneq	0YbIvcHwk	China
532	Adelle	Babst	ababster@ft.com	ababster	L8gY3IN	Netherlands
533	Emelda	Boswell	eboswelles@amazon.com	eboswelles	Y4qJPA8	China
534	Idaline	McGeever	imcgeeveret@alibaba.com	imcgeeveret	5W6lQA	Brazil
535	Will	Headingham	wheadinghameu@kickstarter.com	wheadinghameu	G9dMvThT25r	Russia
536	Collette	Dumphry	cdumphryev@unc.edu	cdumphryev	9DhoxoVTO	Venezuela
537	Jade	Huygens	jhuygensew@pinterest.com	jhuygensew	Yh068FHKBxXz	Philippines
538	Phil	Senner	psennerex@altervista.org	psennerex	as1c8oVR	South Africa
539	Geneva	Giorgielli	ggiorgielliey@parallels.com	ggiorgielliey	jVf9fFt	Argentina
540	Nickola	Phipp	nphippez@nytimes.com	nphippez	Zmttqnp	Indonesia
541	Gallard	Janson	gjansonf0@hc360.com	gjansonf0	CKxSZWWBAGXZ	Nigeria
542	Wait	Mallabund	wmallabundf1@e-recht24.de	wmallabundf1	Krx1M5nMT1	Indonesia
543	Fraze	Mathely	fmathelyf2@buzzfeed.com	fmathelyf2	g8OZqS	Peru
544	Bentley	Caudle	bcaudlef3@diigo.com	bcaudlef3	V5ceGMVo9TV	Czech Republic
545	Rowland	Mougin	rmouginf4@huffingtonpost.com	rmouginf4	IwtaTdf9GcND	Tunisia
546	Inger	Kynaston	ikynastonf5@pinterest.com	ikynastonf5	d0lPpH	Morocco
547	Terry	MacIlhargy	tmacilhargyf6@ustream.tv	tmacilhargyf6	zcBli3	United States
548	Malva	Naldrett	mnaldrettf7@toplist.cz	mnaldrettf7	asKyrGQcsO	Indonesia
549	Cordy	Aingel	caingelf8@tinyurl.com	caingelf8	7mtixYvOddvn	China
550	Desdemona	Dyer	ddyerf9@github.io	ddyerf9	39ZgutXWd	China
551	Veriee	Pezey	vpezeyfa@amazon.co.jp	vpezeyfa	5IAlwEyYOKEm	Guatemala
552	Nixie	Petcher	npetcherfb@scientificamerican.com	npetcherfb	huR5K34udwl	Albania
553	Atlanta	Tibb	atibbfc@usatoday.com	atibbfc	dgSbhkpwA9Q6	Portugal
554	Taryn	Tilt	ttiltfd@multiply.com	ttiltfd	5xvLyb9ABoS	Egypt
555	Petr	Kitteridge	pkitteridgefe@nytimes.com	pkitteridgefe	Qfd3yHnxqpw	France
556	Tracie	Innocent	tinnocentff@theguardian.com	tinnocentff	hu7KV0Mc	Bosnia and Herzegovina
557	Giffy	Whillock	gwhillockfg@diigo.com	gwhillockfg	WMH9vRzfV	Netherlands
558	Ede	Fidgin	efidginfh@instagram.com	efidginfh	pymKvDpJCRmh	Thailand
559	Alexandrina	Pulfer	apulferfi@mozilla.com	apulferfi	ZzVsJcYpo	Venezuela
560	Enrica	Manlow	emanlowfj@ibm.com	emanlowfj	0RFyS9f9x2cJ	Chile
561	Estella	Vale	evalefk@fastcompany.com	evalefk	vlRy43I	China
562	Petr	Rief	prieffl@xrea.com	prieffl	W5GLGIof7x	Yemen
563	Lauryn	Assandri	lassandrifm@mail.ru	lassandrifm	aYKm5Vtn7dc	Philippines
564	Madalyn	Sneesby	msneesbyfn@mapquest.com	msneesbyfn	xTQ2rfV	Indonesia
565	Baldwin	Cereceres	bcereceresfo@state.gov	bcereceresfo	mxpUGGnCj	Greece
566	Noe	Ormonde	normondefp@gmpg.org	normondefp	SQRa4c3D	Indonesia
567	Johanna	Gregori	jgregorifq@ucla.edu	jgregorifq	e9b2L25v7tFW	Libya
568	Brandon	Meany	bmeanyfr@loc.gov	bmeanyfr	XVPh5jdSMG	Czech Republic
569	Tamma	De Domenico	tdedomenicofs@psu.edu	tdedomenicofs	59leSsB	Russia
570	Meaghan	Brosetti	mbrosettift@dell.com	mbrosettift	fSYcf1nliDzO	Russia
571	Bill	Warmisham	bwarmishamfu@tuttocitta.it	bwarmishamfu	Mh1dc4JS	Lithuania
572	Penelopa	Domenge	pdomengefv@tinyurl.com	pdomengefv	YRwgdSufjQ	Malaysia
573	Sibylla	Kinloch	skinlochfw@dyndns.org	skinlochfw	vohm4HI5hd2z	China
574	Dun	Ludlamme	dludlammefx@quantcast.com	dludlammefx	xJpixVPT8l	Russia
575	Savina	Ranner	srannerfy@newyorker.com	srannerfy	Ilrww0PRo5o	Ukraine
576	Cora	Counsell	ccounsellfz@si.edu	ccounsellfz	GIO5WKVtBj2	Portugal
577	Kamillah	Grishin	kgrishing0@gravatar.com	kgrishing0	duftnxf4eYPk	Greece
578	Clarey	Stuchbury	cstuchburyg1@msu.edu	cstuchburyg1	gzw0LPzlwX6S	Czech Republic
579	Josias	Esparza	jesparzag2@google.de	jesparzag2	9ghituvdag	France
580	Kincaid	Ourtic	kourticg3@surveymonkey.com	kourticg3	76gdNhHOS	Peru
581	Quinn	Askell	qaskellg4@archive.org	qaskellg4	dHLyLUyqIpc	China
582	Emmett	Jurisch	ejurischg5@multiply.com	ejurischg5	62bCq9Tgx	Bosnia and Herzegovina
583	Susannah	Shingfield	sshingfieldg6@t.co	sshingfieldg6	cHUyH2GwWx6	China
584	Judi	Bauldry	jbauldryg7@msu.edu	jbauldryg7	S4CGOd	Philippines
585	Jammal	Dimmne	jdimmneg8@noaa.gov	jdimmneg8	TxHxnJ5gYKS	France
586	Lamont	Robertis	lrobertisg9@dailymail.co.uk	lrobertisg9	MZIrGI6	China
587	Hoyt	Chishull	hchishullga@twitpic.com	hchishullga	YHOTMA	Ukraine
588	Vivienne	Russan	vrussangb@fotki.com	vrussangb	MvkJhKnrx	Russia
589	Morey	Pooke	mpookegc@eepurl.com	mpookegc	OFmjRpHIMd	Madagascar
590	Quintus	Sweeting	qsweetinggd@livejournal.com	qsweetinggd	yJ1Bvkl	China
591	Rogerio	Yurov	ryurovge@ted.com	ryurovge	JyCWsLI	Indonesia
592	Aindrea	Kupka	akupkagf@cam.ac.uk	akupkagf	JqPDiPW3JEG6	South Africa
593	Lara	Eckert	leckertgg@about.com	leckertgg	f9ey5r	Chile
594	John	Oswal	joswalgh@stanford.edu	joswalgh	SYDTSQgt9Eq	Philippines
595	Maye	Ungerer	mungerergi@nih.gov	mungerergi	Fljb54R3tH	Indonesia
596	Dylan	Dimitriades	ddimitriadesgj@home.pl	ddimitriadesgj	vNbJ61LVqx0	Netherlands
597	Sherrie	Daniau	sdaniaugk@newsvine.com	sdaniaugk	y5Ug3uEu	France
598	Aluin	Brayley	abrayleygl@accuweather.com	abrayleygl	fPlZy3IMY	Comoros
599	Marie	Alebrooke	malebrookegm@skype.com	malebrookegm	JHuyX4HtKb8y	Bulgaria
600	Glynnis	Spivie	gspiviegn@elegantthemes.com	gspiviegn	TfaQPARYwu	Iran
601	Dinny	Stocken	dstockengo@nps.gov	dstockengo	6i8kXoy2FIoP	Cuba
602	Ellswerth	Chartres	echartresgp@t-online.de	echartresgp	KhpJj2bk	Sweden
603	Cullin	Cudby	ccudbygq@bloglines.com	ccudbygq	0TcjX6ZY	Russia
604	Gilly	Mate	gmategr@oaic.gov.au	gmategr	zQmBo6b	China
605	Sargent	Olufsen	solufsengs@aboutads.info	solufsengs	yF2f5heDs	Serbia
606	Elise	Ishak	eishakgt@dropbox.com	eishakgt	EIUTbQWpBW	Colombia
607	Orbadiah	Duesbury	oduesburygu@sourceforge.net	oduesburygu	xCLUw5BS	Poland
608	Giralda	Deakin	gdeakingv@mayoclinic.com	gdeakingv	z7azyaRjc	Ireland
609	Rodi	Proudley	rproudleygw@ucla.edu	rproudleygw	0u6ohaSHw	Indonesia
610	Hank	Jockle	hjocklegx@furl.net	hjocklegx	vUryAuCw	Nigeria
611	Karlan	Casetti	kcasettigy@comsenz.com	kcasettigy	Si0JIthXcACM	China
612	Lesya	Boyall	lboyallgz@gizmodo.com	lboyallgz	69sUOclICS7	Russia
613	Jeannette	Racine	jracineh0@aboutads.info	jracineh0	p8ofzkQ	Honduras
614	Pru	Colicot	pcolicoth1@accuweather.com	pcolicoth1	51fdXee4	China
615	Bertram	Blasius	bblasiush2@furl.net	bblasiush2	C7brpREZnbbP	Honduras
616	Ashely	Azemar	aazemarh3@behance.net	aazemarh3	no63ZS	Portugal
617	Nikoletta	Kentish	nkentishh4@sfgate.com	nkentishh4	q5i22YkWdro9	Costa Rica
618	Anna-maria	Bullivent	abulliventh5@salon.com	abulliventh5	Mzt1fnYhn	Indonesia
619	Daryle	Rings	dringsh6@nifty.com	dringsh6	UQkWnIkDuFJO	China
620	Claudina	Owen	cowenh7@kickstarter.com	cowenh7	6zMyUbTNMK41	China
621	Pauli	Morigan	pmoriganh8@vkontakte.ru	pmoriganh8	DfAnUMdT4	Norway
622	Shepard	Vanyushin	svanyushinh9@nationalgeographic.com	svanyushinh9	CGXSUTwPR3	Portugal
623	Barbara-anne	Haslehurst	bhaslehurstha@walmart.com	bhaslehurstha	NKKueicQXhk	China
624	Jacklin	Elgar	jelgarhb@princeton.edu	jelgarhb	u4KXUkfK2y6Z	Portugal
625	Teodor	Summersby	tsummersbyhc@si.edu	tsummersbyhc	AC9jaFsfBTeY	Philippines
626	Hewitt	Fryatt	hfryatthd@ning.com	hfryatthd	Tf3KJJBt	Palestinian Territory
627	Maggie	O'Shiel	moshielhe@technorati.com	moshielhe	tKV2Jd	China
628	Bellina	Kretchmer	bkretchmerhf@biblegateway.com	bkretchmerhf	wRi1yo	China
629	Minnie	Jellard	mjellardhg@nyu.edu	mjellardhg	meruy8Gf	Indonesia
630	Melli	Mulkerrins	mmulkerrinshh@wikispaces.com	mmulkerrinshh	iYz6OY	China
631	Jyoti	Eykelhof	jeykelhofhi@dot.gov	jeykelhofhi	oeBgKP0QhprR	Egypt
632	Isiahi	Mcmanaman	imcmanamanhj@constantcontact.com	imcmanamanhj	RmR3jGCcq1T	Russia
633	Neely	Kingswold	nkingswoldhk@tamu.edu	nkingswoldhk	w5E6tHjwHof	China
634	Valeda	Francom	vfrancomhl@fda.gov	vfrancomhl	Z0VIqg96yHO	Philippines
635	Harrietta	Aldus	haldushm@exblog.jp	haldushm	7PFDx3J	Japan
636	Caresse	Moffett	cmoffetthn@amazon.com	cmoffetthn	CWfXpe	Greece
637	Joelynn	Roland	jrolandho@rakuten.co.jp	jrolandho	ayFRuzdU1E	China
638	Marietta	Wedgbrow	mwedgbrowhp@freewebs.com	mwedgbrowhp	fB7OP6i	Brazil
639	Lucinda	Woolveridge	lwoolveridgehq@nba.com	lwoolveridgehq	rBQpqyQzWZy8	China
640	Petr	Varvara	pvarvarahr@comsenz.com	pvarvarahr	tACyQPQx1Z4	Ukraine
641	Elden	Paulson	epaulsonhs@theguardian.com	epaulsonhs	qL5Zu63R	United States
642	Lindy	Filppetti	lfilppettiht@census.gov	lfilppettiht	HcsCjXct	Portugal
643	Cristian	Flament	cflamenthu@addtoany.com	cflamenthu	0zjE51n	Mongolia
644	Ancell	Shadbolt	ashadbolthv@free.fr	ashadbolthv	Zk8GNEFo2XIB	Japan
645	Dorie	Oxenford	doxenfordhw@timesonline.co.uk	doxenfordhw	RMDBnn4G7	Indonesia
646	Marcellus	Seckington	mseckingtonhx@geocities.jp	mseckingtonhx	wLEgbRU	Portugal
647	Nancie	Harme	nharmehy@spiegel.de	nharmehy	H8aNJ4OYdoAq	Argentina
648	Bellina	Demke	bdemkehz@aol.com	bdemkehz	AR7nhQgqZc	China
649	Theadora	Adolf	tadolfi0@ebay.co.uk	tadolfi0	WnmUQz6c	Portugal
650	Bernadina	Larrat	blarrati1@aboutads.info	blarrati1	rHkjzhYNd	Poland
651	Merell	Bortol	mbortoli2@google.ru	mbortoli2	WOXxeLR	Paraguay
652	Chelsae	Sturzaker	csturzakeri3@elegantthemes.com	csturzakeri3	267L0U	Philippines
653	Bond	Sumption	bsumptioni4@fda.gov	bsumptioni4	cj0M5Qi	France
654	Verla	Mawer	vmaweri5@businesswire.com	vmaweri5	JJ3ovuG	China
655	June	Lyenyng	jlyenyngi6@soup.io	jlyenyngi6	PFSbidRxD6	Portugal
656	Petronille	Ruffli	prufflii7@dailymail.co.uk	prufflii7	hHYyCqo	United States
657	Claresta	Crockett	ccrocketti8@meetup.com	ccrocketti8	u2sX7YQIEc	Japan
658	Sergeant	Ausiello	sausielloi9@scribd.com	sausielloi9	3cNtsf	Indonesia
659	Dix	Olensby	dolensbyia@hp.com	dolensbyia	ZBfv4L	Malaysia
660	Georgette	Hambleton	ghambletonib@cnet.com	ghambletonib	8luxdKEaIDGG	Japan
661	Raynell	Davoren	rdavorenic@earthlink.net	rdavorenic	u7Sx3QN	China
662	Xever	Rodd	xroddid@addthis.com	xroddid	CCG5hP	Brazil
663	Skyler	Yedall	syedallie@washingtonpost.com	syedallie	WQCD8azYA	Argentina
664	Nahum	Brumwell	nbrumwellif@xinhuanet.com	nbrumwellif	Cmj4MMf	United States
665	Royce	Starkie	rstarkieig@blinklist.com	rstarkieig	STBkOCbfFh2F	China
666	Marlo	Summerhayes	msummerhayesih@dropbox.com	msummerhayesih	fgvIhliHy	Bulgaria
667	Davine	Jeffry	djeffryii@mayoclinic.com	djeffryii	ylrSMq5utp	Uganda
668	Giralda	Radin	gradinij@theguardian.com	gradinij	RoblVP2	China
669	Adolf	Fairclough	afaircloughik@uol.com.br	afaircloughik	xRFccrGP	China
670	Silvain	Kenrat	skenratil@dagondesign.com	skenratil	IzWbzK0	Russia
671	Humbert	Wiffield	hwiffieldim@feedburner.com	hwiffieldim	UPoruOy5c	Philippines
672	Frayda	Brocket	fbrocketin@state.gov	fbrocketin	TNtERHV0	Norway
673	Emmalee	Males	emalesio@weibo.com	emalesio	iXSvSLwQt	Indonesia
674	Evvy	Alfonzo	ealfonzoip@xing.com	ealfonzoip	tFH6VoIOxq	Finland
675	Fina	Bertomier	fbertomieriq@slashdot.org	fbertomieriq	bTcBpmiM0wVK	Philippines
676	Mayer	Cowton	mcowtonir@europa.eu	mcowtonir	epyVFxq3	Madagascar
677	Barnabe	Katt	bkattis@stanford.edu	bkattis	DTDnL2HbC76x	China
678	Crysta	Pastor	cpastorit@yolasite.com	cpastorit	5pQIzvNPRK	Czech Republic
679	Delmor	Jumeau	djumeauiu@netvibes.com	djumeauiu	uis3RQ8	Chile
680	Erika	Abbado	eabbadoiv@mediafire.com	eabbadoiv	bu0ig6gYS	Indonesia
681	Port	Jakubovski	pjakubovskiiw@senate.gov	pjakubovskiiw	BwqC6XhqMwN	China
682	Niles	Doward	ndowardix@reddit.com	ndowardix	zDPam9mVkM	Brazil
683	Josefa	Davys	jdavysiy@flickr.com	jdavysiy	WmFLkBPDm	France
684	Evyn	McGonnell	emcgonnelliz@paginegialle.it	emcgonnelliz	BTEbBRwEu1I	Portugal
685	Marris	Marriott	mmarriottj0@squarespace.com	mmarriottj0	4a1K65XtT	Indonesia
686	Lib	Gingle	lginglej1@thetimes.co.uk	lginglej1	lBwHGsNifsN	China
687	Dimitri	Killen	dkillenj2@ycombinator.com	dkillenj2	PmqWyAH7iQc	Malaysia
688	Townie	Meace	tmeacej3@wisc.edu	tmeacej3	VqU7Kty	China
689	Hymie	Dmitrienko	hdmitrienkoj4@virginia.edu	hdmitrienkoj4	eEtCgjF	Peru
690	Ivar	Roobottom	iroobottomj5@patch.com	iroobottomj5	VBFtaiU48PT	Syria
691	Shel	Cassidy	scassidyj6@mlb.com	scassidyj6	0N0lBCTbJEN	Czech Republic
692	Cecily	Shayler	cshaylerj7@youtu.be	cshaylerj7	zBdi2uRM5D4	Indonesia
693	Puff	MacSkeaghan	pmacskeaghanj8@creativecommons.org	pmacskeaghanj8	HjFV7e	Brazil
694	Beatrisa	Fernandes	bfernandesj9@youtu.be	bfernandesj9	6pjxOnwEQzA	Japan
695	Martina	Meineken	mmeinekenja@cnn.com	mmeinekenja	fQkeBlt	Sweden
696	Dino	Mattessen	dmattessenjb@google.com.hk	dmattessenjb	Gd7wnYSr45Q	Brazil
697	Tova	Groveham	tgrovehamjc@nba.com	tgrovehamjc	CViN5ni	China
698	Arin	Das	adasjd@eepurl.com	adasjd	4Eu08m	Indonesia
699	Saul	Sexty	ssextyje@gov.uk	ssextyje	m3ULPCaoHL	Russia
700	Lynette	Blethyn	lblethynjf@acquirethisname.com	lblethynjf	vySFrl5MMkC3	Argentina
701	Dex	Sheryn	dsherynjg@cargocollective.com	dsherynjg	Zmgia469cLfU	Indonesia
702	Engracia	Dawidowsky	edawidowskyjh@hp.com	edawidowskyjh	3FPFQnwW	Portugal
703	Knox	Friedenbach	kfriedenbachji@cmu.edu	kfriedenbachji	0GzweOD7BkS3	Egypt
704	Gabriello	Shearsby	gshearsbyjj@histats.com	gshearsbyjj	JsLOir	Portugal
705	Romain	Ricarde	rricardejk@altervista.org	rricardejk	3nVOsDXl	China
706	Rachel	Czadla	rczadlajl@amazon.co.jp	rczadlajl	yNEvsnNRbelh	Indonesia
707	Maurice	Skully	mskullyjm@joomla.org	mskullyjm	bKTYIvoz	Indonesia
708	Ammamaria	Gauden	agaudenjn@ftc.gov	agaudenjn	Cfe8XMO8k	Poland
709	Tiertza	Grigson	tgrigsonjo@mit.edu	tgrigsonjo	vtLrOAJWm	Philippines
710	Fergus	Fuchs	ffuchsjp@ftc.gov	ffuchsjp	INlUHb1	Japan
711	Kora	Pigot	kpigotjq@webeden.co.uk	kpigotjq	lmFXE2t	Argentina
712	Georgena	Coulton	gcoultonjr@census.gov	gcoultonjr	yidXEG	Russia
713	Sabrina	Gosnold	sgosnoldjs@chicagotribune.com	sgosnoldjs	uPZisVkQE	China
714	Hansiain	Haynesford	hhaynesfordjt@bbc.co.uk	hhaynesfordjt	G7ky9y2b	Russia
715	Kirbee	Bjerkan	kbjerkanju@mapy.cz	kbjerkanju	Z71QMxyjdI	Peru
716	Wolfie	Cartmail	wcartmailjv@liveinternet.ru	wcartmailjv	mkuAZ5c4HE	Poland
717	Gustie	Jowers	gjowersjw@nytimes.com	gjowersjw	nq1PE0Sh	Brazil
718	Sonnnie	Jotcham	sjotchamjx@uol.com.br	sjotchamjx	zYHbjFqVWNIm	China
719	Sigismondo	Rendell	srendelljy@blinklist.com	srendelljy	4PqxsAXTT	China
720	Ichabod	Dinjes	idinjesjz@skype.com	idinjesjz	klzkKnZhsK8	Albania
721	Tedi	Hazle	thazlek0@mysql.com	thazlek0	wKnUz6nYj	Poland
722	Catrina	Mugford	cmugfordk1@fotki.com	cmugfordk1	tE0rYu	Indonesia
723	Pammy	de Cullip	pdecullipk2@jigsy.com	pdecullipk2	ohIemDn95E5W	Cuba
724	Gene	Rohlfing	grohlfingk3@imgur.com	grohlfingk3	NQo1O3NHHA8G	France
725	Tamma	Rawlins	trawlinsk4@cargocollective.com	trawlinsk4	RNx4h2m7ox3a	China
726	Birgit	Olifaunt	bolifauntk5@google.cn	bolifauntk5	Y9KmsIt	China
727	Guenna	Laytham	glaythamk6@quantcast.com	glaythamk6	fsY98FP6	South Africa
728	Nettie	Piddletown	npiddletownk7@google.ru	npiddletownk7	Cs1vmF	Colombia
729	Marybeth	Mollon	mmollonk8@t.co	mmollonk8	bJK9Kt0Ig	Canada
730	Wilfred	Erickssen	werickssenk9@senate.gov	werickssenk9	oSNnRTSzm8	China
731	Sabine	Ribbens	sribbenska@stanford.edu	sribbenska	JTru8zC5n	Greece
732	Cece	Linzee	clinzeekb@constantcontact.com	clinzeekb	sjoJLLkda	Philippines
733	Drugi	Pates	dpateskc@pbs.org	dpateskc	JpJqM0FJ	Indonesia
734	Tabbatha	Gladyer	tgladyerkd@reuters.com	tgladyerkd	rMYYOtIpHl3	Bangladesh
735	Saloma	Loding	slodingke@reverbnation.com	slodingke	GFFp3h9Rq	Ukraine
736	Teodoro	Kellart	tkellartkf@unicef.org	tkellartkf	5lZ6BbBavu	United States
737	Melany	Pirie	mpiriekg@over-blog.com	mpiriekg	Sal8JRD	Colombia
738	Kendal	Detoc	kdetockh@rediff.com	kdetockh	vKzEVnDjAle	Indonesia
739	Louella	Kerr	lkerrki@liveinternet.ru	lkerrki	Qw2y96cPv	Philippines
740	Ferdinande	Bletcher	fbletcherkj@meetup.com	fbletcherkj	6v3e4A	Portugal
741	Margi	Allen	mallenkk@sitemeter.com	mallenkk	MCdceh5pcZ	Brazil
742	Yance	Shearn	yshearnkl@histats.com	yshearnkl	EzozZ68Lf	Thailand
743	Xylina	Craxford	xcraxfordkm@princeton.edu	xcraxfordkm	trSLdbz	Indonesia
744	Francis	Mathiasen	fmathiasenkn@economist.com	fmathiasenkn	8nwcctGN	Netherlands
745	Hermon	Jarret	hjarretko@tamu.edu	hjarretko	UHdn45	Malaysia
746	Novelia	Benneton	nbennetonkp@w3.org	nbennetonkp	Q3X5wWDtV	China
747	Amabel	Nevett	anevettkq@tiny.cc	anevettkq	1iMr82BfOVd1	Philippines
748	Kelsey	Mangan	kmangankr@usgs.gov	kmangankr	WqyNxo2HH7G	Russia
749	Abba	Bernholt	abernholtks@sbwire.com	abernholtks	NSyF2NZ	Portugal
750	Fionnula	Besset	fbessetkt@gizmodo.com	fbessetkt	qoMpfKb4bSv	Brazil
751	Cally	Lowle	clowleku@purevolume.com	clowleku	umLr3NhNM	Russia
752	Katrina	McKinney	kmckinneykv@myspace.com	kmckinneykv	kjNSAk7p	Bolivia
753	Oralee	Moret	omoretkw@nifty.com	omoretkw	4AieNnQh	Brazil
754	Kelby	Sharp	ksharpkx@woothemes.com	ksharpkx	NU47nvId	Armenia
755	Dunc	Blundan	dblundanky@cnet.com	dblundanky	33eGnjH	China
756	Tersina	Frostick	tfrostickkz@delicious.com	tfrostickkz	m39mA6rQv	Poland
757	Lyn	Verdy	lverdyl0@rediff.com	lverdyl0	2uXUPsn3dq	United States
758	Ellerey	Jessope	ejessopel1@webeden.co.uk	ejessopel1	Eb6Hwg	Croatia
759	Lela	Kroll	lkrolll2@alexa.com	lkrolll2	7XRFMumi02	Bulgaria
760	Jozef	Keach	jkeachl3@weibo.com	jkeachl3	4ZlP8mQQjB	Serbia
761	Hali	Satyford	hsatyfordl4@blinklist.com	hsatyfordl4	ZRuyvnpYIuP	Afghanistan
762	Orland	Bonett	obonettl5@hhs.gov	obonettl5	bC2cRiS3PlX	Thailand
763	Keelby	Giannotti	kgiannottil6@imageshack.us	kgiannottil6	szEBVPYmlL	Canada
764	Ludovico	Stratford	lstratfordl7@nba.com	lstratfordl7	zAtN8ROQ	Argentina
765	Nancy	Morford	nmorfordl8@ftc.gov	nmorfordl8	ic8s52L	Indonesia
766	Jozef	Bennike	jbennikel9@canalblog.com	jbennikel9	mphvnVrA	China
767	Holmes	Thumnel	hthumnella@unesco.org	hthumnella	uULA6xR	China
768	Stoddard	Bluett	sbluettlb@geocities.com	sbluettlb	tDGv2XQhA	China
769	Luce	Barkess	lbarkesslc@privacy.gov.au	lbarkesslc	JcASmznJA6S	Albania
770	Leslie	Gosselin	lgosselinld@liveinternet.ru	lgosselinld	jwEKG2	China
771	Ewell	Bumfrey	ebumfreyle@yahoo.co.jp	ebumfreyle	bMZtpD5PYyIe	China
772	Aurelie	Wozencraft	awozencraftlf@nps.gov	awozencraftlf	6XrGuFKd	Philippines
773	Francesca	Belfrage	fbelfragelg@booking.com	fbelfragelg	mRMSQ5	Greece
774	Astrid	Angelo	aangelolh@cisco.com	aangelolh	oTjLLn	Philippines
775	Kerstin	Ciubutaro	kciubutaroli@hud.gov	kciubutaroli	lpQ6d3NpEPN	Peru
776	Donnie	Neles	dneleslj@dot.gov	dneleslj	OzIyCkF	Peru
777	Kingsly	Ezzy	kezzylk@dmoz.org	kezzylk	xJgdygW	Iran
778	Gerti	Randal	grandalll@ameblo.jp	grandalll	sEJ6vOs	Portugal
779	Boonie	Clemensen	bclemensenlm@yandex.ru	bclemensenlm	naltwnyBim	China
780	Brocky	Rutt	bruttln@hhs.gov	bruttln	sebqMc	Russia
781	Caz	Champneys	cchampneyslo@edublogs.org	cchampneyslo	ESqwoo	Uzbekistan
782	Kimberley	Fulkes	kfulkeslp@mail.ru	kfulkeslp	TpdcJV86sna	Japan
783	Darla	Longworth	dlongworthlq@admin.ch	dlongworthlq	qgsSACIgTAOY	Finland
784	Sena	Dagger	sdaggerlr@fc2.com	sdaggerlr	rEuEzfxe	China
785	Ange	Matthewson	amatthewsonls@washington.edu	amatthewsonls	lzz9Cw3EvW	Russia
786	Ambrosi	Smethurst	asmethurstlt@shutterfly.com	asmethurstlt	e4Lm3KgU58j	Argentina
787	Tanya	Iozefovich	tiozefovichlu@nytimes.com	tiozefovichlu	NEXXJXt	Azerbaijan
788	Ashlie	Chawkley	achawkleylv@engadget.com	achawkleylv	JJsljQIaL	Indonesia
789	Dennison	Timmons	dtimmonslw@zdnet.com	dtimmonslw	0ieaaL14	Netherlands
790	Peadar	Creane	pcreanelx@mayoclinic.com	pcreanelx	5DyjSS	Russia
791	Skipper	Tapley	stapleyly@clickbank.net	stapleyly	HSMXu2	Bulgaria
792	Gib	Syfax	gsyfaxlz@webeden.co.uk	gsyfaxlz	1cdtwIh	Canada
793	Elmer	Andrusyak	eandrusyakm0@europa.eu	eandrusyakm0	70Vi6eMZCLW6	Indonesia
794	Alfredo	Le - Count	alecountm1@wired.com	alecountm1	tGwolkuITmj	Finland
795	Lou	Bendik	lbendikm2@gmpg.org	lbendikm2	tlvC1qQpiHW	Indonesia
796	Hedwig	Guys	hguysm3@xing.com	hguysm3	DIKsVMx1	Indonesia
797	Gusta	Zecchii	gzecchiim4@creativecommons.org	gzecchiim4	0WPc2VYnTVs	Portugal
798	Paquito	Bootman	pbootmanm5@bbb.org	pbootmanm5	Fu3fFujrrF	Zimbabwe
799	Roley	Coultas	rcoultasm6@addthis.com	rcoultasm6	78ZWD21	Uzbekistan
800	Raine	Beddard	rbeddardm7@sogou.com	rbeddardm7	RdpkysRjiWF	Philippines
801	Jessy	Faughey	jfaugheym8@networkadvertising.org	jfaugheym8	F7PwsMB	China
802	Willard	Goricke	wgorickem9@techcrunch.com	wgorickem9	WLq52cbT7	United States
803	Dino	Brecher	dbrecherma@yellowpages.com	dbrecherma	4mi55uAA3hT3	China
804	Peirce	Hanbury	phanburymb@google.pl	phanburymb	qBSmXTsYf	China
805	Karleen	Vossgen	kvossgenmc@ftc.gov	kvossgenmc	0OJo3k	Indonesia
806	Samaria	McKernan	smckernanmd@51.la	smckernanmd	j6NKkYxPPbXc	China
807	Barbabas	Tomicki	btomickime@instagram.com	btomickime	pbiZLnpn	China
808	Darbie	Hoff	dhoffmf@noaa.gov	dhoffmf	3LqhvpOnZa	Japan
809	Sibyl	Tregenza	stregenzamg@elegantthemes.com	stregenzamg	scV4Ru	Sweden
810	Isiahi	Spowage	ispowagemh@behance.net	ispowagemh	S0I6busx5	South Africa
811	Brittany	Raymont	braymontmi@howstuffworks.com	braymontmi	Tv9wVR	Macedonia
812	Nomi	Dilworth	ndilworthmj@ameblo.jp	ndilworthmj	W5pYschMGr7	Morocco
813	Casandra	Lumby	clumbymk@clickbank.net	clumbymk	SWwO3zV79c75	Mexico
814	Colin	Lelievre	clelievreml@bbc.co.uk	clelievreml	E6ppULcA1x	Canada
815	Eduard	Gheorghe	egheorghemm@home.pl	egheorghemm	bR0uZGs	Philippines
816	Isador	Thorrold	ithorroldmn@chronoengine.com	ithorroldmn	0w4ZPF	Poland
817	Ginevra	McPhillips	gmcphillipsmo@google.nl	gmcphillipsmo	SchIPEuO	France
818	Micaela	Ewing	mewingmp@ustream.tv	mewingmp	yF873bjt3ye	Ukraine
819	Karol	Robilliard	krobilliardmq@hp.com	krobilliardmq	Te48xg5	Costa Rica
820	Blakeley	Mattiussi	bmattiussimr@studiopress.com	bmattiussimr	OQthmeq02	Russia
821	Abbie	Dregan	adreganms@booking.com	adreganms	JJQidxmwgUIN	France
822	Kaine	Addis	kaddismt@wikimedia.org	kaddismt	9MArQv08wzR	Indonesia
823	Valma	Millier	vmilliermu@baidu.com	vmilliermu	JXMcxZu	Botswana
824	Colleen	Molian	cmolianmv@hatena.ne.jp	cmolianmv	JX0wCpbY	China
825	Ottilie	Knowler	oknowlermw@mozilla.com	oknowlermw	z5tduc	Brazil
826	Heloise	Willoughey	hwillougheymx@utexas.edu	hwillougheymx	2lBPu7ei8M	Poland
827	Durant	Caldero	dcalderomy@google.pl	dcalderomy	zhoI47U	Portugal
828	Worth	Willard	wwillardmz@wikipedia.org	wwillardmz	qdWWx66MDSW	Nigeria
829	Piotr	Middlemist	pmiddlemistn0@tiny.cc	pmiddlemistn0	ENYM28TV	Philippines
830	Guendolen	Mossman	gmossmann1@myspace.com	gmossmann1	vaIwmBiH3r	China
831	Billy	Plunket	bplunketn2@bluehost.com	bplunketn2	TdWW3Vf	Denmark
832	Lodovico	Manzell	lmanzelln3@imgur.com	lmanzelln3	XYv12OzmEd	Switzerland
833	Dannye	Trevascus	dtrevascusn4@hhs.gov	dtrevascusn4	UbXIe8	Indonesia
834	Veradis	Lendon	vlendonn5@constantcontact.com	vlendonn5	bPeRbmd9bG	Zambia
835	Eugen	Mingaud	emingaudn6@cam.ac.uk	emingaudn6	ccpzeV6ih	Thailand
836	Mortie	Mannooch	mmannoochn7@buzzfeed.com	mmannoochn7	bW8Q01K2FM	Colombia
837	Syman	Tiron	stironn8@ocn.ne.jp	stironn8	A2Y8sOxD	Indonesia
838	Hetti	Sowten	hsowtenn9@i2i.jp	hsowtenn9	mglIUHy	China
839	Alejoa	Ditchett	aditchettna@hibu.com	aditchettna	oTMYHF	China
840	Abe	Weal	awealnb@time.com	awealnb	wTfeATlOH	Russia
841	Marsiella	Aleksahkin	maleksahkinnc@e-recht24.de	maleksahkinnc	L4HZQ7De9uaT	Philippines
842	Timmy	Leere	tleerend@about.me	tleerend	b3PajBTAegm	Russia
843	Winna	Gercken	wgerckenne@quantcast.com	wgerckenne	2YM3Otk	Indonesia
844	Sosanna	Pattrick	spattricknf@google.ru	spattricknf	7nsFTDuN	Brazil
845	Fabe	Richemond	frichemondng@google.co.uk	frichemondng	039XSvJw5hB	Tunisia
846	Haley	Roon	hroonnh@weebly.com	hroonnh	47ThUW25	Philippines
847	Tammy	Simonitto	tsimonittoni@blogtalkradio.com	tsimonittoni	93EQU39H	Brazil
848	Bo	Fones	bfonesnj@wix.com	bfonesnj	BYwENL3	Dominican Republic
849	Marietta	McGrayle	mmcgraylenk@bandcamp.com	mmcgraylenk	THYOtHDiqp	Philippines
850	Veronike	Beagles	vbeaglesnl@miibeian.gov.cn	vbeaglesnl	TD6V6G	Japan
851	Angel	Kahn	akahnnm@ftc.gov	akahnnm	xdwzTsojT	China
852	Teddy	Chicchelli	tchicchellinn@purevolume.com	tchicchellinn	r47fjXiT	Portugal
853	Bertie	Rignoldes	brignoldesno@dell.com	brignoldesno	g1QVE1W0P	Mauritius
854	Doti	Hanhart	dhanhartnp@redcross.org	dhanhartnp	Z9aeJDeG	Colombia
855	Torie	Jeannesson	tjeannessonnq@weather.com	tjeannessonnq	MXLfDyS2MVj	Morocco
856	Vonny	Rahill	vrahillnr@reuters.com	vrahillnr	wTtE0YBwx	Portugal
857	Hilly	Buzine	hbuzinens@google.it	hbuzinens	G23bhK9Z9x3m	Peru
858	Adriana	Babalola	ababalolant@blogger.com	ababalolant	HA9I0d	Malaysia
859	Arturo	Merricks	amerricksnu@spiegel.de	amerricksnu	pyE5HGkCv56	China
860	Ruthann	Schrinel	rschrinelnv@unblog.fr	rschrinelnv	7TFjXnbi	Indonesia
861	Milzie	Steggles	mstegglesnw@nbcnews.com	mstegglesnw	W723ZpFsWZj	Mozambique
862	Benedicta	Epsley	bepsleynx@msn.com	bepsleynx	qhBilk	France
863	Loren	Filchagin	lfilchaginny@jigsy.com	lfilchaginny	gy3hy3www	Indonesia
864	Gussy	Moore	gmoorenz@mapy.cz	gmoorenz	CX83cF	Indonesia
865	Fran	Bernette	fbernetteo0@blogs.com	fbernetteo0	f0YFhZ4W	Yemen
866	Collie	Chaffen	cchaffeno1@bravesites.com	cchaffeno1	l2v6g0lb8Kp	Denmark
867	Hurlee	Vallentine	hvallentineo2@ftc.gov	hvallentineo2	LmzcZJy5NB	Portugal
868	Silva	Samwaye	ssamwayeo3@cloudflare.com	ssamwayeo3	HVwRCeTWd	Malta
869	Pippo	Grice	pgriceo4@archive.org	pgriceo4	OqXYhP3WsL	South Africa
870	Mavis	Radbourne	mradbourneo5@amazon.co.jp	mradbourneo5	Oi5KG72mP4X	Armenia
871	Chic	Legan	clegano6@tripadvisor.com	clegano6	39dlRLVoUv5a	Taiwan
872	Herta	Pickavance	hpickavanceo7@usda.gov	hpickavanceo7	3JY4qFwy	Indonesia
873	Tabb	Favelle	tfavelleo8@dion.ne.jp	tfavelleo8	NeVHjo	Indonesia
874	Tonya	Leidl	tleidlo9@4shared.com	tleidlo9	FUX15B2KLu	Ukraine
875	Ilyse	Durrans	idurransoa@redcross.org	idurransoa	mQTsUq	Indonesia
876	Ludovika	Kinch	lkinchob@etsy.com	lkinchob	p8eiPxNF2Zj	South Africa
877	Helena	Doree	hdoreeoc@icq.com	hdoreeoc	kXg0MBNe	Indonesia
878	Reinold	Dibling	rdiblingod@businessweek.com	rdiblingod	GMvH4PC	Indonesia
879	Stephine	Goroni	sgoronioe@wikia.com	sgoronioe	eLFupz96E	Sweden
880	Brendan	Lambrook	blambrookof@sakura.ne.jp	blambrookof	wAA8SqI	China
881	Neron	Risely	nriselyog@home.pl	nriselyog	TPWrU5gBe6H	Philippines
882	Ingemar	Ramsay	iramsayoh@cnet.com	iramsayoh	lB0ttcSymJY	Pakistan
883	Lewes	Hackly	lhacklyoi@behance.net	lhacklyoi	9zsVMj	China
884	Warden	Zamora	wzamoraoj@google.pl	wzamoraoj	Lrrnu9VVP8Zz	Thailand
885	Latia	Brewins	lbrewinsok@unesco.org	lbrewinsok	04lpJv	China
886	Anetta	Naisbit	anaisbitol@blogtalkradio.com	anaisbitol	nTPkKyHZdN	Portugal
887	Brana	Backes	bbackesom@xinhuanet.com	bbackesom	ckdQLAESx	Indonesia
888	Laural	Flamank	lflamankon@narod.ru	lflamankon	gW1BE3BxPVc	Thailand
889	Erich	Dupoy	edupoyoo@harvard.edu	edupoyoo	cobiPUj3J9vs	Japan
890	Nell	Ghest	nghestop@amazon.co.uk	nghestop	goa7uD	China
891	Heddie	Bonifazio	hbonifaziooq@dyndns.org	hbonifaziooq	cMA9TVYDQ	Russia
892	Romona	Brookbank	rbrookbankor@theatlantic.com	rbrookbankor	GLYsRvaQtso	Vietnam
893	Zorina	Chrystie	zchrystieos@huffingtonpost.com	zchrystieos	yOGrJx	Sweden
894	Cristobal	Bedberry	cbedberryot@state.gov	cbedberryot	2uKr2YW	Germany
895	Ebenezer	Crucitti	ecrucittiou@ustream.tv	ecrucittiou	lq2KBM1	Peru
896	Kevin	Aubry	kaubryov@xing.com	kaubryov	AixdLJAw	United States
897	Cassandry	D'Antuoni	cdantuoniow@addthis.com	cdantuoniow	nXzv1kxN	Russia
898	Mellie	Easton	meastonox@bloglovin.com	meastonox	nBMonLC	Croatia
899	Aymer	Chessill	achessilloy@pinterest.com	achessilloy	2QkfNUiZ	China
900	Amil	Iannuzzelli	aiannuzzellioz@sciencedirect.com	aiannuzzellioz	PwKs0Y	Canada
901	Lorinda	Timlett	ltimlettp0@wikia.com	ltimlettp0	1W6l9WRx	Indonesia
902	Joleen	Reason	jreasonp1@bluehost.com	jreasonp1	ebaUar	Brazil
903	Seana	Davidy	sdavidyp2@wikimedia.org	sdavidyp2	thgUX75W	Croatia
904	Dee dee	Greenhouse	dgreenhousep3@privacy.gov.au	dgreenhousep3	I9tcELDDm8	Brazil
905	Kaela	Boobier	kboobierp4@newyorker.com	kboobierp4	E8IqevB	Philippines
906	Berke	Garvill	bgarvillp5@ed.gov	bgarvillp5	LvtgoK1	China
907	Timothea	Claypole	tclaypolep6@biglobe.ne.jp	tclaypolep6	uY1CrH	Russia
908	Amie	Paskins	apaskinsp7@craigslist.org	apaskinsp7	LKQOaH	Nicaragua
909	Adriane	McTavish	amctavishp8@slashdot.org	amctavishp8	VQfAkpFgZCm	Russia
910	Dacy	Flacke	dflackep9@biblegateway.com	dflackep9	XPhZhFAhw	Czech Republic
911	Kathryn	Tewkesberrie	ktewkesberriepa@list-manage.com	ktewkesberriepa	OfElo92	China
912	Yard	Edmans	yedmanspb@squidoo.com	yedmanspb	MZG7xei8	Russia
913	Sherwynd	Trevers	streverspc@washington.edu	streverspc	LqRuoq	Greece
914	Emmye	Skures	eskurespd@usgs.gov	eskurespd	XBM584EeTQ	Netherlands
915	Corabella	Maiklem	cmaiklempe@qq.com	cmaiklempe	UThLZQP	Poland
916	Addy	McLaverty	amclavertypf@de.vu	amclavertypf	uLFFqECV	Indonesia
917	Wesley	Grastye	wgrastyepg@wunderground.com	wgrastyepg	v64Ze39Q	Russia
918	Alejandra	Shulem	ashulemph@twitpic.com	ashulemph	5wDAZg	Russia
919	Jarrett	McNabb	jmcnabbpi@pen.io	jmcnabbpi	d57v4Bbc9	France
920	Goddard	Carl	gcarlpj@barnesandnoble.com	gcarlpj	EAc2wDdFrZ	China
921	Alfy	Pentelow	apentelowpk@newyorker.com	apentelowpk	yHqfQ45Qpqu	Russia
922	Winny	Minico	wminicopl@ox.ac.uk	wminicopl	y5qGmoW	Indonesia
923	Hamil	Insole	hinsolepm@yahoo.com	hinsolepm	gUHX83	China
924	Martica	Yakovl	myakovlpn@usatoday.com	myakovlpn	LmKnDHe0QHXM	Ukraine
925	Elnar	Guarin	eguarinpo@reuters.com	eguarinpo	IolTrTbK6z1	Nigeria
926	Jaynell	Fears	jfearspp@comsenz.com	jfearspp	CPIHS623	Indonesia
927	Paquito	Beavington	pbeavingtonpq@foxnews.com	pbeavingtonpq	PIl0bP1OTS	China
928	Gregoire	MacMeanma	gmacmeanmapr@4shared.com	gmacmeanmapr	mMU542U6PLM	China
929	Vanny	Hardstaff	vhardstaffps@imdb.com	vhardstaffps	2HYltJR	Brazil
930	Gaylord	Beddie	gbeddiept@bluehost.com	gbeddiept	Od0XAkRk	China
931	Lorain	Bradwell	lbradwellpu@networksolutions.com	lbradwellpu	rHQGmfEf2	Jordan
932	Jeanie	Meckiff	jmeckiffpv@ameblo.jp	jmeckiffpv	9V3Nprmo	Indonesia
933	Judd	Musgrave	jmusgravepw@nhs.uk	jmusgravepw	fL7g4GZ	Mauritius
934	Dill	Garnar	dgarnarpx@homestead.com	dgarnarpx	d4JWJODi	Comoros
935	Ines	Grabham	igrabhampy@facebook.com	igrabhampy	pj5bidNS	China
936	Fara	Donald	fdonaldpz@barnesandnoble.com	fdonaldpz	Opl3JVWOW2	Somalia
937	Ashlan	Camois	acamoisq0@deviantart.com	acamoisq0	6WjkAW	Bosnia and Herzegovina
938	Ronnica	Waylett	rwaylettq1@soup.io	rwaylettq1	Rz4oeVuzd	Jamaica
939	Waylon	Macoun	wmacounq2@ucsd.edu	wmacounq2	C6br6PuK2uQI	Yemen
940	Elsinore	Kirman	ekirmanq3@drupal.org	ekirmanq3	mRgLbkVO4d	Netherlands
941	Marla	Chirm	mchirmq4@hexun.com	mchirmq4	LZOllaS6yh	Ireland
942	Winny	Alten	waltenq5@indiegogo.com	waltenq5	AspLwHxYy	Morocco
943	Putnem	Baptie	pbaptieq6@ftc.gov	pbaptieq6	O9vwdn9	China
944	Fabio	Bjerkan	fbjerkanq7@gnu.org	fbjerkanq7	nubP1B	Bulgaria
945	Milo	Ackenson	mackensonq8@vimeo.com	mackensonq8	01CMytxIDcI	China
946	Garnette	Seel	gseelq9@google.co.uk	gseelq9	e3og2jemf	China
947	Jessey	Huggin	jhugginqa@reuters.com	jhugginqa	WGIHwUetz	Russia
948	Willem	Careswell	wcareswellqb@nytimes.com	wcareswellqb	Rc42Fx	China
949	Nichole	Lackie	nlackieqc@domainmarket.com	nlackieqc	lIec3WGZoVnV	Comoros
950	Jacklin	Jeandet	jjeandetqd@prweb.com	jjeandetqd	q3yYMnb1	Indonesia
951	Rolfe	Jaulmes	rjaulmesqe@addthis.com	rjaulmesqe	s12N2wfB	China
952	Sheelah	Bowers	sbowersqf@tinypic.com	sbowersqf	nh4gcy0L	Portugal
953	Maxie	Syalvester	msyalvesterqg@eventbrite.com	msyalvesterqg	fmYIn9	Canada
954	Alberta	Vedeniktov	avedeniktovqh@sogou.com	avedeniktovqh	UodId0ue	Portugal
955	Lorelle	Goodlud	lgoodludqi@purevolume.com	lgoodludqi	KeDwOHpnS	Portugal
956	Giacinta	Sumers	gsumersqj@storify.com	gsumersqj	qZKwQVeN	Slovenia
957	Luca	McNevin	lmcnevinqk@discovery.com	lmcnevinqk	dkAmykviLGk	Russia
958	Marline	Baldin	mbaldinql@google.ru	mbaldinql	9KBiupXAvv	Brazil
959	Tamma	Pirouet	tpirouetqm@geocities.com	tpirouetqm	mwIM4Zyr8CH	France
960	Terencio	Rothera	trotheraqn@bloglovin.com	trotheraqn	wVfYN3	Czech Republic
961	Vanna	Feirn	vfeirnqo@loc.gov	vfeirnqo	X2S9Cu	Afghanistan
962	Jenine	Lambirth	jlambirthqp@eepurl.com	jlambirthqp	TOPVIVmVw	Colombia
963	Eveline	Tiltman	etiltmanqq@sciencedaily.com	etiltmanqq	WUcKtwh2Yc	Russia
964	Casey	Antosch	cantoschqr@bbc.co.uk	cantoschqr	IaGGYIDlf	China
965	Evaleen	Faux	efauxqs@sun.com	efauxqs	m6pb0A	Indonesia
966	Thomas	McGoldrick	tmcgoldrickqt@apple.com	tmcgoldrickqt	7kSA3z4Ni85e	China
967	Christabel	Tiller	ctillerqu@loc.gov	ctillerqu	M1vwOeL3aM	Indonesia
968	Aurea	Risen	arisenqv@goo.gl	arisenqv	d1Id8daMMq1K	China
969	Kimberli	Brower	kbrowerqw@ovh.net	kbrowerqw	8Djm4l	Honduras
970	Willem	Mathet	wmathetqx@dagondesign.com	wmathetqx	uPUYz0	Colombia
971	Vida	Croxley	vcroxleyqy@sbwire.com	vcroxleyqy	uakt9GurG7Z	Mali
972	Colan	Sukbhans	csukbhansqz@techcrunch.com	csukbhansqz	3W20C8T	Indonesia
973	Annemarie	Hegarty	ahegartyr0@shinystat.com	ahegartyr0	rG4gUPi	Indonesia
974	Martino	Mattiuzzi	mmattiuzzir1@naver.com	mmattiuzzir1	quAL0VNa9Bh	China
975	Raymond	Powdrill	rpowdrillr2@cnet.com	rpowdrillr2	zRARIWFl	Argentina
976	Jareb	Orrill	jorrillr3@omniture.com	jorrillr3	OqNzQrjbk	Ukraine
977	Astrid	Hacket	ahacketr4@narod.ru	ahacketr4	VOraAJujC	China
978	Jase	Topper	jtopperr5@vistaprint.com	jtopperr5	lDel1w1O	Brazil
979	Frances	Mundow	fmundowr6@ustream.tv	fmundowr6	mBNh1tSeggK	China
980	Merl	Sabie	msabier7@usnews.com	msabier7	ziGQFvB7g06	China
981	Gillian	Bruckent	gbruckentr8@loc.gov	gbruckentr8	xMgfRQG	Venezuela
982	Gilberta	Daines	gdainesr9@comcast.net	gdainesr9	cUg3nSCECb	Sweden
983	Dewitt	Rameau	drameaura@archive.org	drameaura	Nny5GQMb	China
984	Kienan	Currie	kcurrierb@cnet.com	kcurrierb	IrEVqMTC	Thailand
985	Rhys	Jaggli	rjagglirc@slashdot.org	rjagglirc	nBtGFMG	Indonesia
986	Hewett	Simmell	hsimmellrd@posterous.com	hsimmellrd	A253f7K	China
987	Lisabeth	Cadman	lcadmanre@feedburner.com	lcadmanre	8o1SSZjxNa	United States
988	Kassia	Trevallion	ktrevallionrf@nhs.uk	ktrevallionrf	uc2JI9n8w2	Philippines
989	Linnie	Tomasoni	ltomasonirg@uol.com.br	ltomasonirg	EAte5YVtVx	China
990	Jack	Hordell	jhordellrh@a8.net	jhordellrh	3EDNTinuX8	Portugal
991	Jobie	Valerius	jvaleriusri@google.com.br	jvaleriusri	u24xXciTAjsL	Ireland
992	Lenora	Davers	ldaversrj@typepad.com	ldaversrj	V5UVDZzI5	South Africa
993	Leicester	Pestor	lpestorrk@sciencedirect.com	lpestorrk	AY9BMZ3jlhj	China
994	Aylmar	Merner	amernerrl@cafepress.com	amernerrl	6CL49af	Russia
995	Leila	Luter	lluterrm@woothemes.com	lluterrm	0pXeSz55MLG	China
996	Wiatt	Minister	wministerrn@army.mil	wministerrn	yMH7DYX	Portugal
997	Gabriele	Kneal	gknealro@de.vu	gknealro	ld4gFWbwZu	Nigeria
998	Tracey	Broodes	tbroodesrp@barnesandnoble.com	tbroodesrp	XxUIIsEOr	Norway
999	Cloe	Freeman	cfreemanrq@so-net.ne.jp	cfreemanrq	crVC7gkXAF	Lithuania
1000	Courtnay	Danilowicz	cdanilowiczrr@google.pl	cdanilowiczrr	t8X4y09G5CJ	Colombia